year,division,status,project,project_raw,total,state_gf,gifts,debt,other_funds
2021,Academic Division,Under Construction,Alderman Library Renewal,Alderman LibraryRenewal,152.5,132.5,20.0,,
2021,Academic Division,In Planning/Design,Athletics Complex Phase III*(Football Operations Center),Athletics Complex Phase III*(Football Operations Center),70.0,,70.0,,
2021,Academic Division,In Planning/Design,Batten School Academic Building,Batten School Academic Building,60.0,,60.0,,
2021,Academic Division,Under Construction,Brandon Avenue Upper-Class Residence Hall Phase II,Brandon Avenue Upper-Class Residence Hall Phase II,114.0,,,89.5,24.5
2021,Academic Division,In Planning/Design,Center for Politics,Center for Politics,14.0,,14.0,,
2021,Academic Division,In Planning/Design,Center for the Arts(planning),Center for the Arts(planning),16.0,,16.0,,
2021,Academic Division,In Planning/Design,Chemistry Building Addition Fume Exhaust Renewal,ChemistryBuildingAddition Fume Exhaust Renewal,8.5,,,,8.5
2021,Academic Division,Under Construction,Contemplative Commons,Contemplative Commons,69.0,,49.0,15.0,5.0
2021,Academic Division,In Planning/Design,Darden Academic Building,Darden Academic Building,85.0,,85.0,,
2021,Academic Division,In Planning/Design,Environmental Health & Safety Facility,Environmental Health & SafetyFacility,28.0,,,28.0,
2021,Academic Division,In Planning/Design,Fontaine Research Park Central Energy Plant & Utilities,Fontaine Research Park Central EnergyPlant & Utilities,35.0,,,35.0,
2021,Academic Division,In Planning/Design,Fontaine Research Park Infrastructure & Parking Garage,Fontaine Research Park Infrastructure & ParkingGarage,87.0,,,87.0,
2021,Academic Division,Under Construction,Gilmer Hall and Chemistry Building Renovation,Gilmer Hall and ChemistryBuildingRenovation,197.03,146.7,,42.53,7.8
2021,Academic Division,Under Construction,Inn at Darden,Inn at Darden,135.0,,30.0,91.5,13.5
2021,Academic Division,In Planning/Design,Interdisciplinary Research Buildings - 2030 Strategic Plan<br>(planning),Interdisciplinary Research Buildings - 2030 Strategic Plan<br>(planning),1.0,,,,1.0
2021,Academic Division,Under Construction,Ivy Corridor Landscape and Infrastructure Phase I,IvyCorridor Landscape and Infrastructure Phase I,60.0,,,56.0,4.0
2021,Academic Division,In Planning/Design,Karsh Institute of Democracy*,Karsh Institute of Democracy*,80.0,,80.0,,
2021,Academic Division,Under Construction,Lambeth Field Apartments HVAC Improvements,Lambeth Field Apartments HVAC Improvements,14.5,,,14.5,
2021,Academic Division,Under Construction,Low Temperature Hot Water Conversion,Low Temperature Hot Water Conversion,35.0,,,34.5,0.5
2021,Academic Division,Under Construction,Massie Road Utility Extension,Massie Road UtilityExtension,11.0,,,6.0,5.0
2021,Academic Division,In Planning/Design,Mc Intire Academic Facility (Shumway Hall),McIntire Academic Facility (ShumwayHall),101.0,,7.5,93.5,
2021,Academic Division,In Planning/Design,Old Cabell Hall Renewal,Old Cabell Hall Renewal,60.0,60.0,,,
2021,Academic Division,In Planning/Design,Physics Building Renewal,Physics BuildingRenewal,58.2,58.2,,,
2021,Academic Division,In Planning/Design,Pinn Hall Renovation Phase II,Pinn Hall Renovation Phase II,38.0,,,38.0,
2021,Academic Division,Under Construction,School of Data Science,School of Data Science,53.5,,5.5,48.0,
2021,Academic Division,Under Construction,Smith Hall Renovation(Darden),Smith Hall Renovation(Darden),14.0,,7.2,6.8,
2021,Academic Division,In Planning/Design,Student Activities Building,Student Activities Building,17.0,,,17.0,
2021,Academic Division,In Planning/Design,Tech Talent Investment Program Phase I,Tech Talent Investment Program Phase I,3.0,3.0,,,
2021,Academic Division,In Planning/Design,UVA Hotel & Conference Center,UVA Hotel & Conference Center,133.5,,3.0,110.5,20.0
2021,Academic Division,In Planning/Design,UVA Museum(planning),UVA Museum(planning),3.0,,3.0,,
2021,Academic Division,Under Construction,West Grounds Chilled Water Capacity,West Grounds Chilled Water Capacity,8.0,,,8.0,
2021,College at Wise,In Planning/Design,Athletic Building,Athletic Building,24.7,,24.7,,
2021,College at Wise,In Planning/Design,Bowers-Sturgill Hall Renovation,Bowers-Sturgill Hall Renovation,5.9,5.9,,,
2021,College at Wise,In Planning/Design,Campus Welcome Center/Public Safety Facility,Campus Welcome Center/Public SafetyFacility,5.6,5.6,,,
2021,College at Wise,In Planning/Design,Darden Hall Renovation,Darden Hall Renovation,31.22,31.22,,,
2021,College at Wise,In Planning/Design,Music Education Center,Music Education Center,45.2,22.6,22.6,,
2021,College at Wise,In Planning/Design,Sandridge Science Center Lab Wing Renovation,Sandridge Science Center Lab WingRenovation,39.1,39.1,,,
2021,College at Wise,In Planning/Design,Technology Classroom Building,TechnologyClassroom Building,44.4,44.4,,,
2021,College at Wise,In Planning/Design,Wyllie Library Renovation and Conversion,Wyllie LibraryRenovation and Conversion,13.55,13.55,,,
2021,College at Wise,In Planning/Design,Zehmer Hall Renovation,Zehmer Hall Renovation,23.1,23.1,,,
2021,UVA Health System,Under Construction,Cancer Center - MRI LINAC,Cancer Center - MRI LINAC,8.0,,,,8.0
2021,UVA Health System,In Planning/Design,Consumer Ambulatory Clinic(tenant fit-out),Consumer AmbulatoryClinic(tenant fit-out),15.0,,,,15.0
2021,UVA Health System,In Planning/Design,Data Center,Data Center,23.0,,,,23.0
2021,UVA Health System,In Planning/Design,Focused Ultrasound Expansion,Focused Ultrasound Expansion,16.5,,,,16.5
2021,UVA Health System,In Planning/Design,Multi-Disciplinary Ambulatory Clinic Building,Multi-DisciplinaryAmbulatoryClinic Building,155.0,,,77.5,77.5
2021,UVA Health System,In Planning/Design,UVA Encompass Rehabilitation Hospital Renovation and<br>Expansion,UVA Encompass Rehabilitation Hospital Renovation and<br>Expansion,35.0,,,,35.0
2022,Academic Division,Under Construction,Alderman Library Renewal,Alderman Library Renewal,163.9,143.9,20.0,,
2022,Academic Division,In Planning/Design,Athletics Complex Phase III - Football Operations Center,Athletics Complex Phase III - Football Operations Center,80.0,,24.7,31.0,24.3
2022,Academic Division,In Planning/Design,Athletics Complex Phase IV-Olympic Sports Center,Athletics Complex Phase IV-Olympic Sports Center,65.0,,35.0,,30.0
2022,Academic Division,Under Construction,Brandon Avenue Upper-Class Residence Hall,Brandon Avenue Upper-Class Residence Hall,114.0,,,63.02,50.98
2022,Academic Division,Not Yet Initiated,Center for Politics,Center for Politics<br>$,14.0,,14.0,,
2022,Academic Division,Not Yet Initiated,Center for the Arts (planning/design),Center for the Arts (planning/design)<br>$,11.1,,11.1,,
2022,Academic Division,In Planning/Design,Chemistry Building Fume Exhaust Renewal,Chemistry Building Fume Exhaust Renewal,8.5,,,,8.5
2022,Academic Division,Under Construction,Contemplative Commons,Contemplative Commons,69.0,,49.0,15.0,5.0
2022,Academic Division,Not Yet Initiated,Darden Academic Building,Darden Academic Building<br>$,85.0,,85.0,,
2022,Academic Division,Not Yet Initiated,Engineering Academic Building (planning/design),Engineering Academic Building (planning/design)<br>$,5.0,,5.0,,
2022,Academic Division,Not Yet Initiated,Environmental Health & Safety Facility,Environmental Health & Safety Facility<br>$,28.0,,,28.0,
2022,Academic Division,Not Yet Initiated,Fontaine Central Energy Plant & Utilities,Fontaine Central Energy Plant & Utilities<br>$,55.0,,,40.0,15.0
2022,Academic Division,Not Yet Initiated,Fontaine Infrastructure & Parking Garage,Fontaine Infrastructure & Parking Garage<br>$,87.0,,,87.0,
2022,Academic Division,Under Construction,Gilmer Hall and Chemistry Building Renovation,Gilmer Hall and Chemistry Building Renovation,197.03,146.7,,42.53,7.8
2022,Academic Division,Under Construction,Inn at Darden,Inn at Darden,135.0,,30.0,91.5,13.5
2022,Academic Division,Not Yet Initiated,Institute for Biotechnology,Institute for Biotechnology<br>$,350.0,175.0,100.0,75.0,
2022,Academic Division,Under Construction,Ivy Corridor Landscape & Infrastructure Phase I,Ivy Corridor Landscape & Infrastructure Phase I,60.0,,,56.0,4.0
2022,Academic Division,Not Yet Initiated,Ivy Corridor Landscape & Infrastructure Phase IIA,Ivy Corridor Landscape & Infrastructure Phase IIA<br>$,11.8,,,,11.8
2022,Academic Division,In Planning/Design,Karsh Institute of Democracy (includes Batten),Karsh Institute of Democracy (includes Batten),80.0,,5.0,75.0,
2022,Academic Division,Under Construction,Lambeth Field Apartments HVAC Improvements,Lambeth Field Apartments HVAC Improvements,14.5,,,14.5,
2022,Academic Division,Under Construction,Low Temperature Hot Water Conversion,Low Temperature Hot Water Conversion,35.0,,,34.5,0.5
2022,Academic Division,Under Construction,Massie Road Utility Extension,Massie Road Utility Extension,11.0,,,6.0,5.0
2022,Academic Division,In Planning/Design,Mc Intire Academic Facility (Shumway Hall),McIntire Academic Facility (Shumway Hall),132.7,,17.5,115.2,
2022,Academic Division,Not Yet Initiated,Mem Gym Infrastructure & Accessibility Renewal,Mem Gym Infrastructure & Accessibility Renewal<br>$,20.5,,,20.5,
2022,Academic Division,Not Yet Initiated,Monroe Hall Addition HVAC Renewal,Monroe Hall Addition HVAC Renewal<br>$,9.0,,,4.5,4.5
2022,Academic Division,Not Yet Initiated,Old Cabell Hall Renewal,Old Cabell Hall Renewal<br>$,60.0,60.0,,,
2022,Academic Division,Not Yet Initiated,Parking Garage,Parking Garage<br>$,54.0,,,46.8,7.2
2022,Academic Division,Not Yet Initiated,Physics Building Classrooms,Physics Building Classrooms<br>$,7.0,,,,7.0
2022,Academic Division,In Planning/Design,Physics Building Renewal,Physics Building Renewal,62.8,60.42,,,2.38
2022,Academic Division,Not Yet Initiated,Pinn Hall Integrated Spatial Biology Core Consortium,Pinn Hall Integrated Spatial Biology Core Consortium<br>$,8.5,,8.0,,0.5
2022,Academic Division,Not Yet Initiated,Pinn Hall Renovation Phase II,Pinn Hall Renovation Phase II<br>$,38.0,,,38.0,
2022,Academic Division,Not Yet Initiated,School of Architecture Center for Design<br>(planning/design),School of Architecture Center for Design<br>(planning/design)<br>$,4.0,,4.0,,
2022,Academic Division,Under Construction,School of Data Science,School of Data Science,53.5,,5.5,48.0,
2022,Academic Division,Under Construction,Smith Hall Renovation (Darden),Smith Hall Renovation (Darden),14.0,,7.2,6.8,
2022,Academic Division,Not Yet Initiated,Student Activities Building,Student Activities Building<br> $,17.0,,,17.0,
2022,Academic Division,In Planning/Design,Tech Talent Investment Program Phase I,Tech Talent Investment Program Phase I,3.0,3.0,,,
2022,Academic Division,In Planning/Design,UVA Hotel & Conference Center,UVA Hotel & Conference Center,167.9,,3.0,144.9,20.0
2022,Academic Division,Not Yet Initiated,UVA Museum (planning),UVA Museum (planning)<br>$,3.0,,3.0,,
2022,Academic Division,Under Construction,West Grounds Chilled Water Capacity,West Grounds Chilled Water Capacity,8.0,,,8.0,
2022,College at Wise,Not Yet Initiated,Athletic Building,Athletic Building,24.7,,24.7,,
2022,College at Wise,Not Yet Initiated,Bowers-Sturgill Hall Renovation,Bowers-Sturgill Hall Renovation,5.9,5.9,,,
2022,College at Wise,Not Yet Initiated,Campus Welcome/Public Safety Facility,Campus Welcome/Public Safety Facility,5.6,5.6,,,
2022,College at Wise,Not Yet Initiated,Darden Hall Renovation,Darden Hall Renovation,31.22,31.22,,,
2022,College at Wise,Not Yet Initiated,Music Education Center,Music Education Center,45.2,22.6,22.6,,
2022,College at Wise,Not Yet Initiated,Sandridge Science Center Lab Wing Renovation,Sandridge Science Center Lab Wing Renovation,39.1,39.1,,,
2022,College at Wise,Not Yet Initiated,Technology Classroom Building,Technology Classroom Building,52.0,52.0,,,
2022,College at Wise,In Planning/Design,Wyllie Library Renovation and Conversion,Wyllie LibraryRenovation and Conversion,16.6,16.6,,,
2022,College at Wise,Not Yet Initiated,Zehmer Hall Renovation,Zehmer Hall Renovation,23.1,23.1,,,
2022,UVA Health System,Under Construction,Cancer Center - MRI LINAC,Cancer Center - MRI LINAC,8.0,,,,8.0
2022,UVA Health System,In Planning/Design,Consumer Ambulatory Clinic (tenant fit-out),Consumer Ambulatory Clinic (tenant fit-out),15.0,,,,15.0
2022,UVA Health System,Not Yet Initiated,Data Center,Data Center,23.0,,,,23.0
2022,UVA Health System,In Planning/Design,Focused Ultrasound Expansion,Focused Ultrasound Expansion,16.5,,,,16.5
2022,UVA Health System,In Planning/Design,Multi-Disciplinary Ambulatory Clinic Building,Multi-Disciplinary Ambulatory Clinic Building,155.0,,,77.5,77.5
2022,UVA Health System,In Planning/Design,UVA Encompass Rehab Hospital Renovation/Expansion,UVA Encompass Rehab Hospital Renovation/Expansion,35.0,,,,35.0
2023,Academic Division,Under Construction,Alderman Library Renewal,Alderman LibraryRenewal,163.9,143.9,20.0,,
2023,Academic Division,In Planning/Design,Center for Politics,Center for Politics,10.0,,10.0,,
2023,Academic Division,In Planning/Design,Center for the Arts(planning/design),Center for the Arts(planning/design),15.3,,15.3,,
2023,Academic Division,Under Construction,Chemistry Building Addition Fume Exhaust Renewal,ChemistryBuildingAddition Fume Exhaust Renewal,8.5,,,,8.5
2023,Academic Division,Under Construction,Contemplative Commons,Contemplative Commons,72.6,,52.6,15.0,5.0
2023,Academic Division,In Planning/Design,Darden Student Housing,Darden Student Housing,130.0,,,130.0,
2023,Academic Division,In Planning/Design,Engineering Academic Building (planning/design),EngineeringAcademic Building (planning/design),5.0,,5.0,,
2023,Academic Division,In Planning/Design,Environmental Health & Safety Facility (planning/design),Environmental Health & SafetyFacility (planning/design),1.5,,,,1.5
2023,Academic Division,In Planning/Design,Fontaine Research Park Central Energy Plant & Utilities,Fontaine Research Park Central EnergyPlant & Utilities,70.0,,,62.5,7.5
2023,Academic Division,In Planning/Design,Fontaine Research Park Parking Garage,Fontaine Research Park ParkingGarage,61.0,,,46.65,14.35
2023,Academic Division,In Planning/Design,Fontaine Research Park Roadway Infrastructure,Fontaine Research Park RoadwayInfrastructure,10.0,,,,10.0
2023,Academic Division,Under Construction,Football Operations Center,Football Operations Center,80.0,,26.2,29.5,24.3
2023,Academic Division,Under Construction,Gaston House & Ramazani House,Gaston House & Ramazani House,114.0,,,63.02,50.98
2023,Academic Division,In Planning/Design,Institute of Biotechnology,Institute of Biotechnology,350.0,,100.0,250.0,
2023,Academic Division,Under Construction,Ivy Corridor Landscape & Infrastructure Phase IIA,IvyCorridor Landscape & Infrastructure Phase IIA,11.8,,,,11.8
2023,Academic Division,Under Construction,Ivy Corridor Landscape and Infrastructure Phase I,IvyCorridor Landscape and Infrastructure Phase I,60.0,,,56.0,4.0
2023,Academic Division,In Planning/Design,Karsh Institute of Democracy (includes Batten),Karsh Institute of Democracy (includes Batten),80.0,,5.0,75.0,
2023,Academic Division,Under Construction,Low Temperature Hot Water Conversion,Low Temperature Hot Water Conversion,38.49,,,34.5,3.99
2023,Academic Division,In Planning/Design,Mem Gym Infrastructure & Accessibility Renewal,Mem Gym Infrastructure & AccessibilityRenewal,20.5,,,20.5,
2023,Academic Division,In Planning/Design,Monroe Hall Addition HVAC Renewal,Monroe Hall Addition HVAC Renewal,9.0,,,4.5,4.5
2023,Academic Division,In Planning/Design,North Grounds Parking Garage,North Grounds ParkingGarage,50.0,,,42.8,7.2
2023,Academic Division,In Planning/Design,Old Cabell Hall Renewal,Old Cabell Hall Renewal,60.0,60.0,,,
2023,Academic Division,Under Construction,Olympic Sports Center,Olympic Sports Center,75.0,,,75.0,
2023,Academic Division,Under Construction,Physics Building Classrooms,Physics BuildingClassrooms,7.0,1.0,,,6.0
2023,Academic Division,Under Construction,Physics Building Renewal,Physics BuildingRenewal,62.51,60.42,,,2.09
2023,Academic Division,In Planning/Design,Pinn Hall Integrated Spatial Biology Core Consortium,Pinn Hall Integrated Spatial BiologyCore Consortium,8.5,,8.0,,0.5
2023,Academic Division,In Planning/Design,Public Safety Building (planning/design),Public SafetyBuilding (planning/design),1.5,,,,1.5
2023,Academic Division,In Planning/Design,Replacement of the Chemistry Addition Chillers,Replacement of the ChemistryAddition Chillers,10.0,,,10.0,
2023,Academic Division,In Planning/Design,Replacement of the Video Scoreboard at Scott Stadium,Replacement of the Video Scoreboard at Scott Stadium,13.4,,5.4,,8.0
2023,Academic Division,In Planning/Design,Research Computing Data Center(planning/design),Research ComputingData Center(planning/design),3.0,,,,3.0
2023,Academic Division,In Planning/Design,School of Architecture Center for Design(planning/design),School of Architecture Center for Design(planning/design),4.0,,4.0,,
2023,Academic Division,Under Construction,School of Data Science,School of Data Science,53.5,,5.5,48.0,
2023,Academic Division,In Planning/Design,Second-year Housing Initiative(planning/design),Second-year HousingInitiative(planning/design),7.0,,,7.0,
2023,Academic Division,Under Construction,Shumway Hall(Mc Intire),ShumwayHall(McIntire),139.7,,25.0,89.7,25.0
2023,Academic Division,In Planning/Design,UVA Museum(planning/design),UVA Museum(planning/design),3.0,,3.0,,
2023,Academic Division,In Planning/Design,UVA NOVA Fairfax(tenant fit out),UVA NOVA Fairfax(tenant fit out),20.6,,,,20.6
2023,Academic Division,Under Construction,Virginia Guesthouse(UVA Hotel & Conference Center),Virginia Guesthouse(UVA Hotel & Conference Center),167.9,,3.0,144.9,20.0
2023,College at Wise,In Planning/Design,Athletic Building,Athletic Building,24.7,,24.7,,
2023,College at Wise,In Planning/Design,Bowers-Sturgill Hall Renovation,Bowers-Sturgill Hall Renovation,5.9,5.9,,,
2023,College at Wise,In Planning/Design,Campus Welcome Center/Public Safety Facility,Campus Welcome Center/Public SafetyFacility,5.6,5.6,,,
2023,College at Wise,In Planning/Design,Darden Hall Renovation,Darden Hall Renovation,40.3,40.3,,,
2023,College at Wise,In Planning/Design,Music Education Center,Music Education Center,45.2,22.6,22.6,,
2023,College at Wise,In Planning/Design,Sandridge Science Center Lab Wing Renovation,Sandridge Science Center Lab WingRenovation,39.1,39.1,,,
2023,College at Wise,In Planning/Design,Technology Classroom Building,TechnologyClassroom Building,52.0,52.0,,,
2023,College at Wise,Under Construction,Wyllie Library Renovation and Conversion,Wyllie LibraryRenovation and Conversion,16.6,16.6,,,
2023,College at Wise,In Planning/Design,Zehmer Hall Renovation,Zehmer Hall Renovation,23.1,23.1,,,
2023,UVA Health System,In Planning/Design,Consumer Ambulatory Clinic(tenant fit-out),Consumer AmbulatoryClinic(tenant fit-out),15.0,,,,15.0
2023,UVA Health System,In Planning/Design,Focused Ultrasound Expansion,Focused Ultrasound Expansion,16.5,,,,16.5
2023,UVA Health System,In Planning/Design,Multi-Disciplinary Ambulatory Clinic Building,Multi-DisciplinaryAmbulatoryClinic Building,155.0,,,77.5,77.5
2023,UVA Health System,In Planning/Design,UVA Encompass Rehabilitation Hospital Renovation & Expansion,UVA Encompass Rehabilitation Hospital Renovation & Expansion,45.0,,,,45.0
2023,UVA Health System,In Planning/Design,UVA Hospital Project,UVA Hospital Project,132.0,,,,132.0
2023,UVA Health System,In Planning/Design,Zion Crossroads Shell Space Clinic Build Out,Zion Crossroads Shell Space Clinic Build Out,7.4,,,,7.4
2024,Academic Division,Under Construction,<br>UVA NOVA Fairfax (tenant fit out),<br>UVA NOVA Fairfax (tenant fit out),20.6,,,,20.6
2024,Academic Division,Not Yet Initiated,Athletics Training Grounds Conversion (planning/design),Athletics Training Grounds Conversion (planning/design),1.0,,1.0,,
2024,Academic Division,In Planning/Design,Center for Politics,Center for Politics,10.0,,10.0,,
2024,Academic Division,In Planning/Design,Center for the Arts(planning/design),Center for the Arts(planning/design),15.3,,15.3,,
2024,Academic Division,Not Yet Initiated,Darden Faculty Office Building Renovation (planning/design),Darden Faculty Office Building Renovation (planning/design),1.5,,1.5,,
2024,Academic Division,Not Yet Initiated,Darden Faculty Research Building Renovation (planning/design),Darden Faculty Research Building Renovation (planning/design),1.5,,1.5,,
2024,Academic Division,Not Yet Initiated,Darden Global Innovation Nexus(planning/design),Darden Global Innovation Nexus(planning/design),5.0,,5.0,,
2024,Academic Division,In Planning/Design,Darden Student Housing,Darden Student Housing,155.0,,6.0,149.0,
2024,Academic Division,In Planning/Design,Engineering Academic Building (planning/design),EngineeringAcademic Building (planning/design),5.0,,5.0,,
2024,Academic Division,Not Yet Initiated,Environmental Health & Safety Facility (planning/design),Environmental Health & SafetyFacility (planning/design),1.5,,,,1.5
2024,Academic Division,Under Construction,Fontaine Research Park Central Energy Plant & Utilities,Fontaine Research Park Central EnergyPlant & Utilities,70.0,,,62.5,7.5
2024,Academic Division,Under Construction,Fontaine Research Park Parking Garage,Fontaine Research Park ParkingGarage,61.0,,,46.65,14.35
2024,Academic Division,Under Construction,Fontaine Research Park Roadway Infrastructure,Fontaine Research Park RoadwayInfrastructure,10.0,,,,10.0
2024,Academic Division,Under Construction,Hereford Residential College HVAC Upgrade,Hereford Residential College HVAC Upgrade,11.4,,,,11.4
2024,Academic Division,Under Construction,Ivy Corridor Landscape & Infrastructure Phase IIA,IvyCorridor Landscape & Infrastructure Phase IIA,11.8,,,,11.8
2024,Academic Division,Under Construction,Karsh Institute of Democracy (includes Batten),Karsh Institute of Democracy (includes Batten),82.0,,7.0,75.0,
2024,Academic Division,Under Construction,Low Temperature Hot Water Conversion,Low Temperature Hot Water Conversion,38.49,,,34.5,3.99
2024,Academic Division,Under Construction,Mem Gym Infrastructure & Accessibility Renewal,Mem Gym Infrastructure & AccessibilityRenewal,20.5,,,20.5,
2024,Academic Division,In Planning/Design,Monroe Hall Addition HVAC Renewal,Monroe Hall Addition HVAC Renewal,9.0,,,4.5,4.5
2024,Academic Division,In Planning/Design,North Grounds Parking Garage,North Grounds ParkingGarage,50.0,,,19.7,30.3
2024,Academic Division,Not Yet Initiated,OMERF MEP System Renewal & ADA Improvements(planning/design),OMERF MEP System Renewal & ADA Improvements(planning/design),1.5,,,,1.5
2024,Academic Division,Under Construction,Olympic Sports Center,Olympic Sports Center,75.8,,,75.8,
2024,Academic Division,Under Construction,Paul and Diane Manning Institute of Biotechnology,Paul and Diane ManningInstitute of Biotechnology,350.0,,100.0,250.0,
2024,Academic Division,Not Yet Initiated,Pinn Hall 2nd-Floor Renovation,Pinn Hall 2nd-Floor Renovation,7.0,,,,7.0
2024,Academic Division,Under Construction,Public Safety Building Renovation,Public SafetyBuildingRenovation,10.0,,,,10.0
2024,Academic Division,In Planning/Design,Replacement of the Chemistry Addition Chillers,Replacement of the ChemistryAddition Chillers,12.0,,,12.0,
2024,Academic Division,In Planning/Design,Research Computing Data Center(planning/design),Research ComputingData Center(planning/design),3.0,,,,3.0
2024,Academic Division,Not Yet Initiated,School of Architecture Center for Design(planning/design),School of Architecture Center for Design(planning/design),4.0,,4.0,,
2024,Academic Division,In Planning/Design,Second-year Housing Initiative (planning/design),Second-year Housing Initiative (planning/design),7.0,,,7.0,
2024,Academic Division,Under Construction,Shumway Hall (Mc Intire),Shumway Hall (McIntire),139.7,,25.0,89.7,25.0
2024,Academic Division,Not Yet Initiated,The Park Complex Improvements(planning/design),The Park Complex Improvements(planning/design),1.5,,,,1.5
2024,Academic Division,Not Yet Initiated,UVA Copeley Childcare Center Expansion(planning/design),UVA CopeleyChildcare Center Expansion(planning/design),1.5,,,,1.5
2024,Academic Division,Under Construction,Virginia Guesthouse (UVA Hotel & Conference Center),Virginia Guesthouse (UVA Hotel & Conference Center),167.9,,3.0,144.9,20.0
2024,College at Wise,Not Yet Initiated,<br>Zehmer Hall Renovation,<br>Zehmer Hall Renovation,23.1,23.1,,,
2024,College at Wise,Not Yet Initiated,Athletic Building,Athletic Building,24.7,,24.7,,
2024,College at Wise,Not Yet Initiated,Bowers-Sturgill Hall Renovation,Bowers-Sturgill Hall Renovation,5.9,5.9,,,
2024,College at Wise,Not Yet Initiated,Campus Welcome Center/Public Safety Facility,Campus Welcome Center/Public SafetyFacility,5.6,5.6,,,
2024,College at Wise,In Planning/Design,Darden Hall Renovation,Darden Hall Renovation,46.1,46.1,,,
2024,College at Wise,Not Yet Initiated,Music Education Center,Music Education Center,45.2,22.6,22.6,,
2024,College at Wise,Not Yet Initiated,Sandridge Science Center Lab Wing Renovation,Sandridge Science Center Lab WingRenovation,39.1,39.1,,,
2024,College at Wise,Not Yet Initiated,Technology Classroom Building,Technology Classroom Building,66.0,66.0,,,
2024,UVA Health System,Not Yet Initiated,Consumer Ambulatory Clinic (tenant fit-out),Consumer Ambulatory Clinic (tenant fit-out),15.0,,,,15.0
2024,UVA Health System,Under Construction,Focused Ultrasound Expansion,Focused Ultrasound Expansion,16.5,,,,16.5
2024,UVA Health System,Not Yet Initiated,Multi-Disciplinary Ambulatory Clinic Building,Multi-DisciplinaryAmbulatoryClinic Building,155.0,,,77.5,77.5
2024,UVA Health System,In Planning/Design,UVA Encompass Rehabilitation Hospital Renovation & Expansion,UVA Encompass Rehabilitation Hospital Renovation & Expansion,45.0,,,,45.0
2024,UVA Health System,In Planning/Design,UVA Hospital South Tower Fit-Out,UVA Hospital South Tower Fit-Out,120.0,,,,120.0
2024,UVA Health System,Under Construction,Zion Crossroads Shell Space Clinic Build Out,Zion Crossroads Shell Space Clinic Build Out,7.4,,,,7.4
2025,Academic Division,Under Construction,Center for Politics,Center for Politics,10.0,,10.0,,
2025,Academic Division,In Planning/Design,Center for the Arts(planningand design),Center for the Arts(planningand design),17.3,,17.3,,
2025,Academic Division,In Planning/Design,Darden Faculty Office Building Renovation,Darden FacultyOffice BuildingRenovation,20.0,,20.0,,
2025,Academic Division,Not Yet Initiated,Darden Faculty Research Building Renovation(planning/design),Darden FacultyResearch BuildingRenovation(planning/design),1.5,,1.5,,
2025,Academic Division,Not Yet Initiated,Darden Global Innovation Nexus(planning/design),Darden Global Innovation Nexus(planning/design),5.0,,5.0,,
2025,Academic Division,Under Construction,Darden Student Housing,Darden Student Housing,155.0,,6.0,149.0,
2025,Academic Division,Not Yet Initiated,Engineering Academic Building (planning/design),EngineeringAcademic Building (planning/design),5.0,,5.0,,
2025,Academic Division,Not Yet Initiated,Environmental Health & Safety Facility (planning/design),Environmental Health & SafetyFacility (planning/design),1.5,,,,1.5
2025,Academic Division,Under Construction,Fontaine Research Park Central Energy Plant & Utilities,Fontaine Research Park Central EnergyPlant & Utilities,70.0,,,62.5,7.5
2025,Academic Division,Under Construction,Fontaine Research Park Parking Garage,Fontaine Research Park ParkingGarage,61.0,,,46.65,14.35
2025,Academic Division,Under Construction,Fontaine Research Park Roadway Infrastructure,Fontaine Research Park RoadwayInfrastructure,10.0,,,,10.0
2025,Academic Division,Under Construction,Hereford Residential College HVAC Upgrade,Hereford Residential College HVAC Upgrade,11.4,,,,11.4
2025,Academic Division,Under Construction,Ivy Corridor Landscape & Infrastructure Phase IIA,IvyCorridor Landscape & Infrastructure Phase IIA,11.8,,,,11.8
2025,Academic Division,Under Construction,Ivy Corridor Student Housing,IvyCorridor Student Housing,160.0,,,160.0,
2025,Academic Division,Under Construction,Karsh Institute of Democracy (includes Batten),Karsh Institute of Democracy (includes Batten),82.0,,7.0,75.0,
2025,Academic Division,Under Construction,Low Temperature Hot Water Conversion,Low Temperature Hot Water Conversion,38.49,,,34.5,3.99
2025,Academic Division,In Planning/Design,Main Heat Plant Fuel Conversion,Main Heat Plant Fuel Conversion,38.0,,,38.0,
2025,Academic Division,Under Construction,Mem Gym Infrastructure & Accessibility Renewal,Mem Gym Infrastructure & AccessibilityRenewal,20.5,,,20.5,
2025,Academic Division,In Planning/Design,Millmont Renovation: Transportation Administrative and Bus Service Facility,Millmont Renovation: Transportation Administrative and Bus Service Facility,10.0,,,,10.0
2025,Academic Division,Under Construction,Monroe Hall Addition HVAC Renewal,Monroe Hall Addition HVAC Renewal,9.0,,,4.5,4.5
2025,Academic Division,Under Construction,North Grounds Parking Garage,North Grounds ParkingGarage,50.0,,,19.7,30.3
2025,Academic Division,Under Construction,Olympic Sports Center,Olympic Sports Center,75.8,,,75.8,
2025,Academic Division,Under Construction,Paul and Diane Manning Institute of Biotechnology,Paul and Diane ManningInstitute of Biotechnology,350.0,,100.0,250.0,
2025,Academic Division,Under Construction,Public Safety Building Renovation,Public SafetyBuildingRenovation,10.0,,,,10.0
2025,Academic Division,In Planning/Design,Replacement of the Chemistry Addition Chillers,Replacement of the ChemistryAddition Chillers,12.0,,,12.0,
2025,Academic Division,In Planning/Design,Research Data Center,Research Data Center,72.0,,,37.0,35.0
2025,Academic Division,Not Yet Initiated,School of Architecture Center for Design(planning/design),School of Architecture Center for Design(planning/design),4.0,,4.0,,
2025,Academic Division,In Planning/Design,School of Data Science and Entrepreneurship Building,School of Data Science and EntrepreneurshipBuilding,77.0,,20.0,42.0,15.0
2025,Academic Division,In Planning/Design,The Park Renovation(UVA Recreation),The Park Renovation(UVA Recreation),8.0,,,8.0,
2025,Academic Division,Not Yet Initiated,UVA Copeley Childcare Center Expansion(planning/design),UVA CopeleyChildcare Center Expansion(planning/design),1.5,,,,1.5
2025,Academic Division,Under Construction,Virginia Guesthouse(UVA Hotel & Conference Center),Virginia Guesthouse(UVA Hotel & Conference Center),167.9,,3.0,144.9,20.0
2025,College at Wise,Not Yet Initiated,Bowers-Sturgill Hall Renovation,Bowers-Sturgill Hall Renovation,13.6,13.6,,,
2025,College at Wise,Not Yet Initiated,Campus Welcome Center/Public Safety Facility,Campus Welcome Center/Public SafetyFacility,5.8,5.8,,,
2025,College at Wise,In Planning/Design,Darden Hall Renovation,Darden Hall Renovation,38.7,38.7,,,
2025,College at Wise,Not Yet Initiated,Sandridge Science Center Lab Wing Renovation,Sandridge Science Center Lab WingRenovation,40.5,40.5,,,
2025,College at Wise,Not Yet Initiated,Technology Classroom Building,TechnologyClassroom Building,68.7,68.7,,,
2025,College at Wise,Not Yet Initiated,Zehmer Hall Renovation,Zehmer Hall Renovation,27.3,27.3,,,
2025,UVA Health System,In Planning/Design,Consumer Ambulatory Clinic(tenant fit-out),Consumer AmbulatoryClinic(tenant fit-out),25.0,,,,25.0
2025,UVA Health System,In Planning/Design,Mail Order & Specialty Pharmacy Expansion,Mail Order & SpecialtyPharmacyExpansion,10.5,,,,10.5
2025,UVA Health System,Not Yet Initiated,Multi-Disciplinary Ambulatory Clinic Building,Multi-DisciplinaryAmbulatoryClinic Building,155.0,,,77.5,77.5
2025,UVA Health System,In Planning/Design,Satellite Clinical Lab at Town Center IV,Satellite Clinical Lab at Town Center IV,35.0,,,,35.0
2025,UVA Health System,In Planning/Design,UVA Community Health Gainesville Cancer Center Expansion,UVA CommunityHealth Gainesville Cancer Center Expansion,12.0,,,,12.0
2025,UVA Health System,In Planning/Design,UVA Community Health Gainesville Imaging Center Renovation,UVA CommunityHealth Gainesville ImagingCenter Renovation,10.4,,,,10.4
2025,UVA Health System,Under Construction,UVA Encompass Rehabilitation Hospital Renovation & Expansion,UVA Encompass Rehabilitation Hospital Renovation & Expansion,45.0,,,,45.0
2025,UVA Health System,In Planning/Design,UVA Hospital South Tower Fit-Out,UVA Hospital South Tower Fit-Out,120.0,,,,120.0
2025,UVA Health System,Under Construction,Zion Crossroads Shell Space Clinic Build Out,Zion Crossroads Shell Space Clinic Build Out,7.4,,,,7.4
2026,Academic Division,In Planning/Design,Athletics Multipurpose Practice Field,Athletics Multipurpose Practice Field,13.0,,13.0,,
2026,Academic Division,In Planning/Design,Center for the Arts(planningand design),Center for the Arts(planningand design),29.3,,29.3,,
2026,Academic Division,In Planning/Design,Computing& Innovation Center,Computing& Innovation Center,102.0,,,37.0,65.0
2026,Academic Division,In Planning/Design,Copeley Connector Road(planning/design),CopeleyConnector Road(planning/design),0.1,,,,0.1
2026,Academic Division,In Planning/Design,Darden Faculty Office Building Renovation,Darden FacultyOffice BuildingRenovation,20.0,,20.0,,
2026,Academic Division,Pending Future Funding,Darden Faculty Research Building Renovation(planning/design),Darden FacultyResearch BuildingRenovation(planning/design),1.5,,1.5,,
2026,Academic Division,Pending Future Funding,Darden Global Innovation Nexus(planning/design),Darden Global Innovation Nexus(planning/design),5.0,,5.0,,
2026,Academic Division,Under Construction,Darden Student Housing,Darden Student Housing,170.0,,6.0,149.0,15.0
2026,Academic Division,Pending Future Funding,Engineering Academic Building (planning/design),EngineeringAcademic Building (planning/design),5.0,,5.0,,
2026,Academic Division,Pending Future Funding,Environmental Health & Safety Facility (planning/design),Environmental Health & SafetyFacility (planning/design),1.5,,,,1.5
2026,Academic Division,Under Construction,Fontaine Research Park Central Energy Plant & Utilities(includes Data Center utilitydistribution),Fontaine Research Park Central EnergyPlant & Utilities(includes Data Center utilitydistribution),70.0,,,62.5,7.5
2026,Academic Division,Under Construction,Fontaine Research Park Roadway Infrastructure,Fontaine Research Park RoadwayInfrastructure,10.0,,,,10.0
2026,Academic Division,Under Construction,Fontaine Research Parking Garage (project includes park-wide stormwater),Fontaine Research Parking Garage (project includes park-wide stormwater),61.0,,,46.65,14.35
2026,Academic Division,Under Construction,Ivy Corridor Student Housing,IvyCorridor Student Housing,175.0,,,160.0,15.0
2026,Academic Division,Under Construction,Karsh Institute of Democracy (includes Batten),Karsh Institute of Democracy (includes Batten),82.0,,7.0,75.0,
2026,Academic Division,In Planning/Design,Main Heat Plant Fuel Conversion,Main Heat Plant Fuel Conversion,38.0,,,38.0,
2026,Academic Division,Under Construction,Mem Gym Infrastructure & Accessibility Renewal,Mem Gym Infrastructure & AccessibilityRenewal,20.5,,,20.5,
2026,Academic Division,In Planning/Design,Millmont Renovation: Transportation Administrative and Bus Service Facility,Millmont Renovation: Transportation Administrative and Bus Service Facility,10.0,,,,10.0
2026,Academic Division,Under Construction,North Grounds Parking Garage,North Grounds ParkingGarage,50.0,,,19.7,30.3
2026,Academic Division,Under Construction,Paul and Diane Manning Institute of Biotechnology,Paul and Diane ManningInstitute of Biotechnology,380.6,,100.0,250.0,30.6
2026,Academic Division,Under Construction,Replacement of the Chemistry Addition Chillers,Replacement of the ChemistryAddition Chillers,12.0,,,12.0,
2026,Academic Division,Pending Future Funding,School of Architecture Center for Design(planning/design),School of Architecture Center for Design(planning/design),4.0,,4.0,,
2026,Academic Division,In Planning/Design,School of Data Science and Entrepreneurship Building,School of Data Science and EntrepreneurshipBuilding,77.0,,20.0,42.0,15.0
2026,Academic Division,In Planning/Design,Steele Wing Renovation(School of Medicine),Steele WingRenovation(School of Medicine),30.0,,,,30.0
2026,Academic Division,Under Construction,The Park Renovation(UVA Recreation),The Park Renovation(UVA Recreation),10.0,,,8.0,2.0
2026,Academic Division,Pending Future Funding,UVA Copeley Childcare Center Expansion(planning/design),UVA CopeleyChildcare Center Expansion(planning/design),1.5,,,,1.5
2026,College at Wise,Pending Future Funding,Bowers-Sturgill Hall Renovation,Bowers-Sturgill Hall Renovation,13.6,13.6,,,
2026,College at Wise,Pending Future Funding,Campus Welcome Center/Public Safety Facility,Campus Welcome Center/Public SafetyFacility,5.8,5.8,,,
2026,College at Wise,In Planning/Design,Darden Hall Renovation,Darden Hall Renovation,35.9,35.9,,,
2026,College at Wise,Pending Future Funding,Sandridge Science Center Lab Wing Renovation,Sandridge Science Center Lab WingRenovation,40.5,40.5,,,
2026,College at Wise,Pending Future Funding,Technology Classroom Building,Technology Classroom Building,78.4,78.4,,,
2026,College at Wise,Pending Future Funding,Zehmer Hall Renovation,Zehmer Hall Renovation,27.3,27.3,,,
2026,UVA Health System,In Planning/Design,Cardiac PET/CT Suite-500 Ray C. Hunt,Cardiac PET/CT Suite-500 Ray C. Hunt,5.5,,,,5.5
2026,UVA Health System,In Planning/Design,Consumer Ambulatory Clinic (tenant fit-out),Consumer Ambulatory Clinic (tenant fit-out),25.0,,,,25.0
2026,UVA Health System,In Planning/Design,Core Lab Renovations (planning/design),Core Lab Renovations (planning/design),1.25,,,,1.25
2026,UVA Health System,Pending Future Funding,Multi-Disciplinary Ambulatory Clinic Building,Multi-DisciplinaryAmbulatoryClinic Building,155.0,,,77.5,77.5
2026,UVA Health System,In Planning/Design,Satellite Clinical Lab at Town Center IV,Satellite Clinical Lab at Town Center IV,35.0,,,,35.0
2026,UVA Health System,Under Construction,UVA Community Health Gainesville Cancer Center Expansion,UVA CommunityHealth Gainesville Cancer Center Expansion,12.0,,,,12.0
2026,UVA Health System,Under Construction,UVA Encompass Rehabilitation Hospital Renovation & Expansion,UVA Encompass Rehabilitation Hospital Renovation & Expansion,45.0,,,,45.0
2026,UVA Health System,In Planning/Design,University Hospital Image Guided Surgery Suite,UniversityHospital Image Guided SurgerySuite,9.0,,,,9.0
2026,UVA Health System,Under Construction,University Hospital South Tower Fit-Out,UniversityHospital South Tower Fit-Out,120.0,,,,120.0
