series_id,year,period,value
PCU236222236222,2017,M01,151.5
PCU236222236222,2017,M02,151.5
PCU236222236222,2017,M03,151.6
PCU236222236222,2017,M04,152.1
PCU236222236222,2017,M05,152.5
PCU236222236222,2017,M06,152.6
PCU236222236222,2017,M07,155.3
PCU236222236222,2017,M08,155.4
PCU236222236222,2017,M09,155.3
PCU236222236222,2017,M10,156.4
PCU236222236222,2017,M11,156.0
PCU236222236222,2017,M12,156.0
PCU236222236222,2018,M01,157.5
PCU236222236222,2018,M02,157.5
PCU236222236222,2018,M03,157.5
PCU236222236222,2018,M04,159.4
PCU236222236222,2018,M05,159.4
PCU236222236222,2018,M06,159.4
PCU236222236222,2018,M07,160.1
PCU236222236222,2018,M08,160.2
PCU236222236222,2018,M09,160.1
PCU236222236222,2018,M10,164.5
PCU236222236222,2018,M11,164.5
PCU236222236222,2018,M12,164.4
PCU236222236222,2019,M01,165.7
PCU236222236222,2019,M02,165.9
PCU236222236222,2019,M03,165.9
PCU236222236222,2019,M04,169.2
PCU236222236222,2019,M05,170.1
PCU236222236222,2019,M06,170.6
PCU236222236222,2019,M07,171.4
PCU236222236222,2019,M08,171.4
PCU236222236222,2019,M09,171.3
PCU236222236222,2019,M10,172.0
PCU236222236222,2019,M11,172.1
PCU236222236222,2019,M12,172.1
PCU236222236222,2020,M01,173.3
PCU236222236222,2020,M02,173.4
PCU236222236222,2020,M03,173.2
PCU236222236222,2020,M04,174.5
PCU236222236222,2020,M05,174.4
PCU236222236222,2020,M06,174.2
PCU236222236222,2020,M07,175.2
PCU236222236222,2020,M08,175.2
PCU236222236222,2020,M09,174.9
PCU236222236222,2020,M10,174.0
PCU236222236222,2020,M11,174.2
PCU236222236222,2020,M12,174.1
PCU236222236222,2021,M01,174.4
PCU236222236222,2021,M02,174.8
PCU236222236222,2021,M03,174.7
PCU236222236222,2021,M04,176.4
PCU236222236222,2021,M05,176.9
PCU236222236222,2021,M06,176.9
PCU236222236222,2021,M07,180.151
PCU236222236222,2021,M08,180.279
PCU236222236222,2021,M09,180.448
PCU236222236222,2021,M10,190.069
PCU236222236222,2021,M11,190.208
PCU236222236222,2021,M12,189.697
PCU236222236222,2022,M01,194.963
PCU236222236222,2022,M02,195.218
PCU236222236222,2022,M03,196.147
PCU236222236222,2022,M04,204.252
PCU236222236222,2022,M05,204.212
PCU236222236222,2022,M06,204.559
PCU236222236222,2022,M07,215.917
PCU236222236222,2022,M08,216.167
PCU236222236222,2022,M09,216.886
PCU236222236222,2022,M10,223.957
PCU236222236222,2022,M11,223.939
PCU236222236222,2022,M12,223.625
PCU236222236222,2023,M01,227.139
PCU236222236222,2023,M02,227.174
PCU236222236222,2023,M03,227.581
PCU236222236222,2023,M04,226.686
PCU236222236222,2023,M05,226.637
PCU236222236222,2023,M06,226.576
PCU236222236222,2023,M07,224.151
PCU236222236222,2023,M08,224.159
PCU236222236222,2023,M09,224.313
PCU236222236222,2023,M10,223.868
PCU236222236222,2023,M11,223.958
PCU236222236222,2023,M12,223.667
PCU236222236222,2024,M01,224.708
PCU236222236222,2024,M02,224.599
PCU236222236222,2024,M03,224.455
PCU236222236222,2024,M04,225.165
PCU236222236222,2024,M05,224.701
PCU236222236222,2024,M06,224.974
PCU236222236222,2024,M07,228.227
PCU236222236222,2024,M08,228.164
PCU236222236222,2024,M09,228.219
PCU236222236222,2024,M10,228.289
PCU236222236222,2024,M11,228.391
PCU236222236222,2024,M12,228.506
PCU236222236222,2025,M01,229.772
PCU236222236222,2025,M02,230.212
PCU236222236222,2025,M03,230.288
PCU236222236222,2025,M04,228.915
PCU236222236222,2025,M05,229.174
PCU236222236222,2025,M06,229.166
PCU236222236222,2025,M07,230.880
PCU236222236222,2025,M08,230.738
PCU236222236222,2025,M09,230.732
PCU236222236222,2025,M10,234.058
PCU236222236222,2025,M11,233.878
PCU236222236222,2025,M12,233.862
PCU236222236222,2026,M01,236.992
PCU236222236222,2026,M02,236.903
PCU236222236222,2026,M03,236.996
PCU236222236222,2026,M04,237.301
PCU236222236222,2026,M05,237.462
PCU236222236222,2026,M06,237.482
PCU236222236222,2026,M07,242.679
PCU236222236222,2026,M08,242.658
PCU236224236224,2017,M01,105.9
PCU236224236224,2017,M02,105.9
PCU236224236224,2017,M03,105.9
PCU236224236224,2017,M04,106.5
PCU236224236224,2017,M05,106.6
PCU236224236224,2017,M06,106.6
PCU236224236224,2017,M07,108.3
PCU236224236224,2017,M08,108.2
PCU236224236224,2017,M09,108.1
PCU236224236224,2017,M10,108.9
PCU236224236224,2017,M11,108.9
PCU236224236224,2017,M12,109.0
PCU236224236224,2018,M01,109.7
PCU236224236224,2018,M02,109.8
PCU236224236224,2018,M03,109.9
PCU236224236224,2018,M04,111.0
PCU236224236224,2018,M05,111.2
PCU236224236224,2018,M06,111.4
PCU236224236224,2018,M07,112.0
PCU236224236224,2018,M08,112.1
PCU236224236224,2018,M09,112.3
PCU236224236224,2018,M10,114.2
PCU236224236224,2018,M11,114.2
PCU236224236224,2018,M12,114.4
PCU236224236224,2019,M01,115.3
PCU236224236224,2019,M02,115.3
PCU236224236224,2019,M03,115.6
PCU236224236224,2019,M04,116.5
PCU236224236224,2019,M05,116.5
PCU236224236224,2019,M06,116.5
PCU236224236224,2019,M07,117.3
PCU236224236224,2019,M08,117.4
PCU236224236224,2019,M09,117.4
PCU236224236224,2019,M10,117.8
PCU236224236224,2019,M11,117.9
PCU236224236224,2019,M12,117.9
PCU236224236224,2020,M01,118.6
PCU236224236224,2020,M02,119.0
PCU236224236224,2020,M03,118.8
PCU236224236224,2020,M04,119.7
PCU236224236224,2020,M05,119.9
PCU236224236224,2020,M06,119.8
PCU236224236224,2020,M07,120.6
PCU236224236224,2020,M08,120.0
PCU236224236224,2020,M09,119.7
PCU236224236224,2020,M10,119.8
PCU236224236224,2020,M11,119.6
PCU236224236224,2020,M12,119.5
PCU236224236224,2021,M01,119.6
PCU236224236224,2021,M02,119.7
PCU236224236224,2021,M03,119.8
PCU236224236224,2021,M04,123.3
PCU236224236224,2021,M05,123.8
PCU236224236224,2021,M06,123.8
PCU236224236224,2021,M07,125.179
PCU236224236224,2021,M08,125.369
PCU236224236224,2021,M09,125.754
PCU236224236224,2021,M10,131.881
PCU236224236224,2021,M11,133.069
PCU236224236224,2021,M12,133.150
PCU236224236224,2022,M01,135.775
PCU236224236224,2022,M02,136.015
PCU236224236224,2022,M03,136.859
PCU236224236224,2022,M04,142.557
PCU236224236224,2022,M05,142.764
PCU236224236224,2022,M06,143.076
PCU236224236224,2022,M07,151.529
PCU236224236224,2022,M08,151.749
PCU236224236224,2022,M09,151.911
PCU236224236224,2022,M10,156.894
PCU236224236224,2022,M11,157.053
PCU236224236224,2022,M12,157.178
PCU236224236224,2023,M01,159.980
PCU236224236224,2023,M02,160.196
PCU236224236224,2023,M03,160.326
PCU236224236224,2023,M04,159.835
PCU236224236224,2023,M05,159.760
PCU236224236224,2023,M06,159.633
PCU236224236224,2023,M07,158.325
PCU236224236224,2023,M08,158.446
PCU236224236224,2023,M09,158.467
PCU236224236224,2023,M10,158.419
PCU236224236224,2023,M11,157.373
PCU236224236224,2023,M12,157.476
PCU236224236224,2024,M01,157.805
PCU236224236224,2024,M02,157.783
PCU236224236224,2024,M03,157.704
PCU236224236224,2024,M04,157.919
PCU236224236224,2024,M05,157.969
PCU236224236224,2024,M06,158.054
PCU236224236224,2024,M07,158.486
PCU236224236224,2024,M08,158.980
PCU236224236224,2024,M09,158.984
PCU236224236224,2024,M10,158.124
PCU236224236224,2024,M11,158.133
PCU236224236224,2024,M12,158.736
PCU236224236224,2025,M01,161.956
PCU236224236224,2025,M02,161.225
PCU236224236224,2025,M03,159.152
PCU236224236224,2025,M04,159.123
PCU236224236224,2025,M05,159.079
PCU236224236224,2025,M06,159.179
PCU236224236224,2025,M07,159.804
PCU236224236224,2025,M08,159.748
PCU236224236224,2025,M09,159.737
PCU236224236224,2025,M10,161.946
PCU236224236224,2025,M11,162.044
PCU236224236224,2025,M12,160.851
PCU236224236224,2026,M01,162.916
PCU236224236224,2026,M02,163.446
PCU236224236224,2026,M03,164.014
PCU236224236224,2026,M04,163.653
PCU236224236224,2026,M05,163.800
PCU236224236224,2026,M06,164.277
PCU236224236224,2026,M07,167.610
PCU236224236224,2026,M08,167.792
