project_id,basis,place,lat,lon,osm,note
Alderman Library Renewal,building,Shannon Library,38.036616,-78.505268,relation/4866579,Alderman Library was renamed the Edgar Shannon Library in 2023
Athletic Building,unmapped,,,,,"At the College at Wise, in Wise County"
Athletics Multipurpose Practice Field,unmapped,,,,,Location not confirmed from public sources
Athletics Training Grounds Conversion,unmapped,,,,,Location not confirmed from public sources
Batten School Academic Building,unmapped,,,,,Location not confirmed from public sources
Bowers-Sturgill Hall Renovation,unmapped,,,,,"At the College at Wise, in Wise County"
Brandon Avenue Upper-Class Residence Hall,building,Bond House,38.029218,-78.504499,way/856078339,Opened as Bond House on Brandon Avenue
Campus Welcome Center/Public Safety Facility,unmapped,,,,,"At the College at Wise, in Wise County"
Cancer Center - MRI LINAC,building,Emily Couric Clinical Cancer Center,38.032409,-78.499019,way/44528227,
Cardiac PET/CT Suite-500 Ray C. Hunt,site,Fontaine Research Park,38.024383,-78.526223,way/1156455476,500 Ray C. Hunt Drive is in Fontaine Research Park
Center for Politics,building,Montesano Center For Politics,38.048951,-78.515441,way/676194654,The Center for Politics is housed at Montesano
Center for the Arts,unmapped,,,,,Location not confirmed from public sources
Chemistry Building Addition Fume Exhaust Renewal,building,Chemistry Building,38.033239,-78.511766,way/44528749,
Computing& Innovation Center,unmapped,,,,,Location not confirmed from public sources
Consumer Ambulatory Clinic (tenant fit-out),unmapped,,,,,Location not confirmed from public sources
Contemplative Commons,building,Contemplative Commons,38.035702,-78.508788,relation/17833317,
Copeley Connector Road,site,Copeley Road,38.047207,-78.506954,way/19779896,Placed on Copeley Road
Core Lab Renovations,unmapped,,,,,Location not confirmed from public sources
Darden Academic Building,site,Darden School of Business,38.052182,-78.513535,way/676196016,Placed at the Darden School on North Grounds
Darden Faculty Office Building Renovation,site,Darden School of Business,38.052182,-78.513535,way/676196016,Placed at the Darden School on North Grounds
Darden Faculty Research Building Renovation,site,Darden School of Business,38.052182,-78.513535,way/676196016,Placed at the Darden School on North Grounds
Darden Global Innovation Nexus,site,Darden School of Business,38.052182,-78.513535,way/676196016,Placed at the Darden School on North Grounds
Darden Hall Renovation,unmapped,,,,,"At the College at Wise, in Wise County"
Darden Student Housing,building,Darden Graduate Housing A,38.053327,-78.515157,way/1527243337,
Data Center,unmapped,,,,,Location not confirmed from public sources
Engineering Academic Building,unmapped,,,,,Location not confirmed from public sources
Environmental Health & Safety Facility,unmapped,,,,,Location not confirmed from public sources
Focused Ultrasound Expansion,building,Focused Ultrasound Center,38.030332,-78.499192,way/44528138,
Fontaine Infrastructure & Parking Garage,site,Fontaine Research Park,38.024383,-78.526223,way/1156455476,Placed at Fontaine Research Park
Fontaine Research Park Central Energy Plant & Utilities,building,Fontaine Central Energy Plant,38.022701,-78.526507,way/1524720704,
Fontaine Research Park Roadway Infrastructure,site,Fontaine Research Park,38.024383,-78.526223,way/1156455476,Placed at Fontaine Research Park
Fontaine Research Parking Garage,building,Fontaine Research Park Garage,38.026026,-78.526467,way/1431722083,
Football Operations Center,site,Frank C McCue III Center,38.044932,-78.507695,way/44528175,"Placed at the McCue Center, which it adjoins"
Gaston House & Ramazani House,building,Gaston House,38.030352,-78.504668,way/1316238491,Placed at Gaston House
Gilmer Hall and Chemistry Building Renovation,building,Gilmer Hall,38.034220,-78.512861,way/44528558,Placed at Gilmer Hall
Hereford Residential College HVAC Upgrade,building,Hereford Residential College,38.030164,-78.519975,node/3466099139,
Inn at Darden,site,Darden School of Business,38.052182,-78.513535,way/676196016,Placed at the Darden School on North Grounds
Institute for Biotechnology,building,UVA Manning Institute of Biotechnology,38.024599,-78.527894,way/1431725900,The building now named the Manning Institute of Biotechnology
Interdisciplinary Research Buildings - 2030 Strategic Plan,unmapped,,,,,Location not confirmed from public sources
Ivy Corridor Landscape & Infrastructure Phase IIA,site,Ivy Corridor Phase 2,38.042614,-78.510170,way/1282649968,Placed at the Emmet-Ivy Corridor
Ivy Corridor Landscape and Infrastructure Phase I,site,Ivy Corridor Phase 2,38.042614,-78.510170,way/1282649968,Placed at the Emmet-Ivy Corridor
Ivy Corridor Student Housing,building,Ivy Corridor Housing,38.042802,-78.510229,relation/20825050,
Karsh Institute of Democracy,building,Karsh Institute of Democracy,38.042110,-78.510024,way/1526776237,
Lambeth Field Apartments HVAC Improvements,site,Lambeth Commons,38.041961,-78.503474,way/44528317,"Placed at Lambeth Commons, among the Lambeth Field apartments"
Low Temperature Hot Water Conversion,unmapped,,,,,Location not confirmed from public sources
Mail Order & Specialty Pharmacy Expansion,unmapped,,,,,Location not confirmed from public sources
Main Heat Plant Fuel Conversion,building,Main Heat Plant,38.033309,-78.499880,way/44528278,
Massie Road Utility Extension,unmapped,,,,,Location not confirmed from public sources
Mem Gym Infrastructure & Accessibility Renewal,building,Memorial Gymnasium,38.037394,-78.507193,way/44528512,
Millmont Renovation: Transportation Administrative and Bus Service Facility,site,Millmont Street,38.051214,-78.504009,way/20562819,Placed on Millmont Street
Monroe Hall Addition HVAC Renewal,building,James Monroe Hall,38.034876,-78.506173,relation/4167951,
Multi-Disciplinary Ambulatory Clinic Building,unmapped,,,,,Location not confirmed from public sources
Music Education Center,unmapped,,,,,"At the College at Wise, in Wise County"
North Grounds Parking Garage,unmapped,,,,,Location not confirmed from public sources
Old Cabell Hall Renewal,building,Old Cabell Hall,38.032901,-78.504860,way/339366928,
Olympic Sports Center,unmapped,,,,,Location not confirmed from public sources
OMERF MEP System Renewal & ADA Improvements,building,Observatory Mountain Engineering Research Facility,38.035498,-78.521078,way/44528715,OMERF is the Observatory Mountain Engineering Research Facility
Paul and Diane Manning Institute of Biotechnology,building,UVA Manning Institute of Biotechnology,38.024599,-78.527894,way/1431725900,
Physics Building Classrooms,building,Physics Building / Jesse Beams Laboratory,38.034388,-78.510217,way/44528404,
Physics Building Renewal,building,Physics Building / Jesse Beams Laboratory,38.034388,-78.510217,way/44528404,
Pinn Hall 2nd-Floor Renovation,building,Pinn Hall,38.031861,-78.500514,way/344842947,
Pinn Hall Integrated Spatial Biology Core Consortium,building,Pinn Hall,38.031861,-78.500514,way/344842947,
Pinn Hall Renovation Phase II,building,Pinn Hall,38.031861,-78.500514,way/344842947,
Public Safety Building Renovation,unmapped,,,,,Location not confirmed from public sources
Replacement of the Chemistry Addition Chillers,building,Chemistry Building,38.033239,-78.511766,way/44528749,
Replacement of the Video Scoreboard at Scott Stadium,building,Scott Stadium,38.030921,-78.513486,way/242316963,
Research Data Center,unmapped,,,,,Location not confirmed from public sources
Sandridge Science Center Lab Wing Renovation,unmapped,,,,,"At the College at Wise, in Wise County"
Satellite Clinical Lab at Town Center IV,unmapped,,,,,Location not confirmed from public sources
School of Architecture Center for Design,site,Campbell Hall - School of Architecture,38.038851,-78.503888,way/44528176,"Placed at Campbell Hall, home of the School of Architecture"
School of Data Science,building,School of Data Science,38.040756,-78.507645,way/1291005629,
School of Data Science and Entrepreneurship Building,unmapped,,,,,Location not confirmed from public sources
Second-year Housing Initiative,unmapped,,,,,Location not confirmed from public sources
Shumway Hall (McIntire),building,Shumway Hall,38.032360,-78.503059,way/1290085120,
Smith Hall Renovation (Darden),site,Darden School of Business,38.052182,-78.513535,way/676196016,Placed at the Darden School on North Grounds
Steele Wing Renovation (School of Medicine),unmapped,,,,,Location not confirmed from public sources
Student Activities Building,building,Student Activities Building,38.029617,-78.515475,way/44528376,
Tech Talent Investment Program Phase I,unmapped,,,,,Location not confirmed from public sources
Technology Classroom Building,unmapped,,,,,"At the College at Wise, in Wise County"
The Park Renovation (UVA Recreation),unmapped,,,,,Location not confirmed from public sources
University Hospital Image Guided Surgery Suite,building,University of Virginia Hospital,38.031194,-78.498263,way/344842960,
University Hospital South Tower Fit-Out,building,University of Virginia Hospital,38.031194,-78.498263,way/344842960,
UVA Community Health Gainesville Cancer Center Expansion,unmapped,,,,,"In Gainesville, Prince William County"
UVA Community Health Gainesville Imaging Center Renovation,unmapped,,,,,"In Gainesville, Prince William County"
UVA Copeley Childcare Center Expansion,unmapped,,,,,Location not confirmed from public sources
UVA Encompass Rehabilitation Hospital Renovation & Expansion,building,UVA HealthSouth Rehabilitation Hospital,38.024470,-78.525559,way/157034592,"Mapped under its former name, HealthSouth Rehabilitation Hospital"
UVA Hospital Project,site,University of Virginia Hospital,38.031194,-78.498263,way/344842960,Placed at University Hospital
UVA Museum,unmapped,,,,,Location not confirmed from public sources
UVA NOVA Fairfax (tenant fit out),unmapped,,,,,"In Fairfax, Northern Virginia"
Virginia Guesthouse (UVA Hotel & Conference Center),building,Virginia Guesthouse,38.042109,-78.508812,way/1049684282,
West Grounds Chilled Water Capacity,unmapped,,,,,Location not confirmed from public sources
Wyllie Library Renovation and Conversion,unmapped,,,,,"At the College at Wise, in Wise County"
Zehmer Hall Renovation,unmapped,,,,,"At the College at Wise, in Wise County"
Zion Crossroads Shell Space Clinic Build Out,unmapped,,,,,"At Zion Crossroads, Louisa County"
