project_id,year,phase,link,division,status,project,total,state_gf,gifts,debt,other_funds
Alderman Library Renewal,2021,full,single-name,Academic Division,Under Construction,Alderman Library Renewal,152.5,132.5,20,,
Alderman Library Renewal,2022,full,single-name,Academic Division,Under Construction,Alderman Library Renewal,163.9,143.9,20,,
Alderman Library Renewal,2023,full,single-name,Academic Division,Under Construction,Alderman Library Renewal,163.9,143.9,20,,
Athletic Building,2021,full,single-name,College at Wise,In Planning/Design,Athletic Building,24.7,,24.7,,
Athletic Building,2022,full,single-name,College at Wise,Not Yet Initiated,Athletic Building,24.7,,24.7,,
Athletic Building,2023,full,single-name,College at Wise,In Planning/Design,Athletic Building,24.7,,24.7,,
Athletic Building,2024,full,single-name,College at Wise,Not Yet Initiated,Athletic Building,24.7,,24.7,,
Athletics Multipurpose Practice Field,2026,full,single-name,Academic Division,In Planning/Design,Athletics Multipurpose Practice Field,13,,13,,
Athletics Training Grounds Conversion,2024,planning,single-name,Academic Division,Not Yet Initiated,Athletics Training Grounds Conversion (planning/design),1,,1,,
Batten School Academic Building,2021,full,single-name,Academic Division,In Planning/Design,Batten School Academic Building,60,,60,,
Bowers-Sturgill Hall Renovation,2021,full,single-name,College at Wise,In Planning/Design,Bowers-Sturgill Hall Renovation,5.9,5.9,,,
Bowers-Sturgill Hall Renovation,2022,full,single-name,College at Wise,Not Yet Initiated,Bowers-Sturgill Hall Renovation,5.9,5.9,,,
Bowers-Sturgill Hall Renovation,2023,full,single-name,College at Wise,In Planning/Design,Bowers-Sturgill Hall Renovation,5.9,5.9,,,
Bowers-Sturgill Hall Renovation,2024,full,single-name,College at Wise,Not Yet Initiated,Bowers-Sturgill Hall Renovation,5.9,5.9,,,
Bowers-Sturgill Hall Renovation,2025,full,single-name,College at Wise,Not Yet Initiated,Bowers-Sturgill Hall Renovation,13.6,13.6,,,
Bowers-Sturgill Hall Renovation,2026,full,single-name,College at Wise,Pending Future Funding,Bowers-Sturgill Hall Renovation,13.6,13.6,,,
Brandon Avenue Upper-Class Residence Hall,2021,full,fuzzy,Academic Division,Under Construction,Brandon Avenue Upper-Class Residence Hall Phase II,114,,,89.5,24.5
Brandon Avenue Upper-Class Residence Hall,2022,full,fuzzy,Academic Division,Under Construction,Brandon Avenue Upper-Class Residence Hall,114,,,63.02,50.98
Campus Welcome Center/Public Safety Facility,2021,full,fuzzy,College at Wise,In Planning/Design,Campus Welcome Center/Public Safety Facility,5.6,5.6,,,
Campus Welcome Center/Public Safety Facility,2022,full,fuzzy,College at Wise,Not Yet Initiated,Campus Welcome/Public Safety Facility,5.6,5.6,,,
Campus Welcome Center/Public Safety Facility,2023,full,fuzzy,College at Wise,In Planning/Design,Campus Welcome Center/Public Safety Facility,5.6,5.6,,,
Campus Welcome Center/Public Safety Facility,2024,full,fuzzy,College at Wise,Not Yet Initiated,Campus Welcome Center/Public Safety Facility,5.6,5.6,,,
Campus Welcome Center/Public Safety Facility,2025,full,fuzzy,College at Wise,Not Yet Initiated,Campus Welcome Center/Public Safety Facility,5.8,5.8,,,
Campus Welcome Center/Public Safety Facility,2026,full,fuzzy,College at Wise,Pending Future Funding,Campus Welcome Center/Public Safety Facility,5.8,5.8,,,
Cancer Center - MRI LINAC,2021,full,single-name,UVA Health System,Under Construction,Cancer Center - MRI LINAC,8,,,,8
Cancer Center - MRI LINAC,2022,full,single-name,UVA Health System,Under Construction,Cancer Center - MRI LINAC,8,,,,8
Cardiac PET/CT Suite-500 Ray C. Hunt,2026,full,single-name,UVA Health System,In Planning/Design,Cardiac PET/CT Suite-500 Ray C. Hunt,5.5,,,,5.5
Center for Politics,2021,full,single-name,Academic Division,In Planning/Design,Center for Politics,14,,14,,
Center for Politics,2022,full,single-name,Academic Division,Not Yet Initiated,Center for Politics,14,,14,,
Center for Politics,2023,full,single-name,Academic Division,In Planning/Design,Center for Politics,10,,10,,
Center for Politics,2024,full,single-name,Academic Division,In Planning/Design,Center for Politics,10,,10,,
Center for Politics,2025,full,single-name,Academic Division,Under Construction,Center for Politics,10,,10,,
Center for the Arts,2021,planning,exact-key,Academic Division,In Planning/Design,Center for the Arts(planning),16,,16,,
Center for the Arts,2022,planning,exact-key,Academic Division,Not Yet Initiated,Center for the Arts (planning/design),11.1,,11.1,,
Center for the Arts,2023,planning,exact-key,Academic Division,In Planning/Design,Center for the Arts(planning/design),15.3,,15.3,,
Center for the Arts,2024,planning,exact-key,Academic Division,In Planning/Design,Center for the Arts(planning/design),15.3,,15.3,,
Center for the Arts,2025,planning,exact-key,Academic Division,In Planning/Design,Center for the Arts(planningand design),17.3,,17.3,,
Center for the Arts,2026,planning,exact-key,Academic Division,In Planning/Design,Center for the Arts(planningand design),29.3,,29.3,,
Chemistry Building Addition Fume Exhaust Renewal,2021,full,fuzzy,Academic Division,In Planning/Design,Chemistry Building Addition Fume Exhaust Renewal,8.5,,,,8.5
Chemistry Building Addition Fume Exhaust Renewal,2022,full,fuzzy,Academic Division,In Planning/Design,Chemistry Building Fume Exhaust Renewal,8.5,,,,8.5
Chemistry Building Addition Fume Exhaust Renewal,2023,full,fuzzy,Academic Division,Under Construction,Chemistry Building Addition Fume Exhaust Renewal,8.5,,,,8.5
Computing& Innovation Center,2026,full,single-name,Academic Division,In Planning/Design,Computing& Innovation Center,102,,,37,65
Consumer Ambulatory Clinic (tenant fit-out),2021,full,exact-key,UVA Health System,In Planning/Design,Consumer Ambulatory Clinic(tenant fit-out),15,,,,15
Consumer Ambulatory Clinic (tenant fit-out),2022,full,exact-key,UVA Health System,In Planning/Design,Consumer Ambulatory Clinic (tenant fit-out),15,,,,15
Consumer Ambulatory Clinic (tenant fit-out),2023,full,exact-key,UVA Health System,In Planning/Design,Consumer Ambulatory Clinic(tenant fit-out),15,,,,15
Consumer Ambulatory Clinic (tenant fit-out),2024,full,exact-key,UVA Health System,Not Yet Initiated,Consumer Ambulatory Clinic (tenant fit-out),15,,,,15
Consumer Ambulatory Clinic (tenant fit-out),2025,full,exact-key,UVA Health System,In Planning/Design,Consumer Ambulatory Clinic(tenant fit-out),25,,,,25
Consumer Ambulatory Clinic (tenant fit-out),2026,full,exact-key,UVA Health System,In Planning/Design,Consumer Ambulatory Clinic (tenant fit-out),25,,,,25
Contemplative Commons,2021,full,single-name,Academic Division,Under Construction,Contemplative Commons,69,,49,15,5
Contemplative Commons,2022,full,single-name,Academic Division,Under Construction,Contemplative Commons,69,,49,15,5
Contemplative Commons,2023,full,single-name,Academic Division,Under Construction,Contemplative Commons,72.6,,52.6,15,5
Copeley Connector Road,2026,planning,single-name,Academic Division,In Planning/Design,Copeley Connector Road(planning/design),0.1,,,,0.1
Core Lab Renovations,2026,planning,single-name,UVA Health System,In Planning/Design,Core Lab Renovations (planning/design),1.25,,,,1.25
Darden Academic Building,2021,full,single-name,Academic Division,In Planning/Design,Darden Academic Building,85,,85,,
Darden Academic Building,2022,full,single-name,Academic Division,Not Yet Initiated,Darden Academic Building,85,,85,,
Darden Faculty Office Building Renovation,2024,planning,exact-key,Academic Division,Not Yet Initiated,Darden Faculty Office Building Renovation (planning/design),1.5,,1.5,,
Darden Faculty Office Building Renovation,2025,full,exact-key,Academic Division,In Planning/Design,Darden Faculty Office Building Renovation,20,,20,,
Darden Faculty Office Building Renovation,2026,full,exact-key,Academic Division,In Planning/Design,Darden Faculty Office Building Renovation,20,,20,,
Darden Faculty Research Building Renovation,2024,planning,exact-key,Academic Division,Not Yet Initiated,Darden Faculty Research Building Renovation (planning/design),1.5,,1.5,,
Darden Faculty Research Building Renovation,2025,planning,exact-key,Academic Division,Not Yet Initiated,Darden Faculty Research Building Renovation(planning/design),1.5,,1.5,,
Darden Faculty Research Building Renovation,2026,planning,exact-key,Academic Division,Pending Future Funding,Darden Faculty Research Building Renovation(planning/design),1.5,,1.5,,
Darden Global Innovation Nexus,2024,planning,single-name,Academic Division,Not Yet Initiated,Darden Global Innovation Nexus(planning/design),5,,5,,
Darden Global Innovation Nexus,2025,planning,single-name,Academic Division,Not Yet Initiated,Darden Global Innovation Nexus(planning/design),5,,5,,
Darden Global Innovation Nexus,2026,planning,single-name,Academic Division,Pending Future Funding,Darden Global Innovation Nexus(planning/design),5,,5,,
Darden Hall Renovation,2021,full,single-name,College at Wise,In Planning/Design,Darden Hall Renovation,31.22,31.22,,,
Darden Hall Renovation,2022,full,single-name,College at Wise,Not Yet Initiated,Darden Hall Renovation,31.22,31.22,,,
Darden Hall Renovation,2023,full,single-name,College at Wise,In Planning/Design,Darden Hall Renovation,40.3,40.3,,,
Darden Hall Renovation,2024,full,single-name,College at Wise,In Planning/Design,Darden Hall Renovation,46.1,46.1,,,
Darden Hall Renovation,2025,full,single-name,College at Wise,In Planning/Design,Darden Hall Renovation,38.7,38.7,,,
Darden Hall Renovation,2026,full,single-name,College at Wise,In Planning/Design,Darden Hall Renovation,35.9,35.9,,,
Darden Student Housing,2023,full,single-name,Academic Division,In Planning/Design,Darden Student Housing,130,,,130,
Darden Student Housing,2024,full,single-name,Academic Division,In Planning/Design,Darden Student Housing,155,,6,149,
Darden Student Housing,2025,full,single-name,Academic Division,Under Construction,Darden Student Housing,155,,6,149,
Darden Student Housing,2026,full,single-name,Academic Division,Under Construction,Darden Student Housing,170,,6,149,15
Data Center,2021,full,single-name,UVA Health System,In Planning/Design,Data Center,23,,,,23
Data Center,2022,full,single-name,UVA Health System,Not Yet Initiated,Data Center,23,,,,23
Engineering Academic Building,2022,planning,single-name,Academic Division,Not Yet Initiated,Engineering Academic Building (planning/design),5,,5,,
Engineering Academic Building,2023,planning,single-name,Academic Division,In Planning/Design,Engineering Academic Building (planning/design),5,,5,,
Engineering Academic Building,2024,planning,single-name,Academic Division,In Planning/Design,Engineering Academic Building (planning/design),5,,5,,
Engineering Academic Building,2025,planning,single-name,Academic Division,Not Yet Initiated,Engineering Academic Building (planning/design),5,,5,,
Engineering Academic Building,2026,planning,single-name,Academic Division,Pending Future Funding,Engineering Academic Building (planning/design),5,,5,,
Environmental Health & Safety Facility,2021,full,exact-key,Academic Division,In Planning/Design,Environmental Health & Safety Facility,28,,,28,
Environmental Health & Safety Facility,2022,full,exact-key,Academic Division,Not Yet Initiated,Environmental Health & Safety Facility,28,,,28,
Environmental Health & Safety Facility,2023,planning,exact-key,Academic Division,In Planning/Design,Environmental Health & Safety Facility (planning/design),1.5,,,,1.5
Environmental Health & Safety Facility,2024,planning,exact-key,Academic Division,Not Yet Initiated,Environmental Health & Safety Facility (planning/design),1.5,,,,1.5
Environmental Health & Safety Facility,2025,planning,exact-key,Academic Division,Not Yet Initiated,Environmental Health & Safety Facility (planning/design),1.5,,,,1.5
Environmental Health & Safety Facility,2026,planning,exact-key,Academic Division,Pending Future Funding,Environmental Health & Safety Facility (planning/design),1.5,,,,1.5
Focused Ultrasound Expansion,2021,full,single-name,UVA Health System,In Planning/Design,Focused Ultrasound Expansion,16.5,,,,16.5
Focused Ultrasound Expansion,2022,full,single-name,UVA Health System,In Planning/Design,Focused Ultrasound Expansion,16.5,,,,16.5
Focused Ultrasound Expansion,2023,full,single-name,UVA Health System,In Planning/Design,Focused Ultrasound Expansion,16.5,,,,16.5
Focused Ultrasound Expansion,2024,full,single-name,UVA Health System,Under Construction,Focused Ultrasound Expansion,16.5,,,,16.5
Fontaine Infrastructure & Parking Garage,2021,full,override-confirmed,Academic Division,In Planning/Design,Fontaine Research Park Infrastructure & Parking Garage,87,,,87,
Fontaine Infrastructure & Parking Garage,2022,full,override-confirmed,Academic Division,Not Yet Initiated,Fontaine Infrastructure & Parking Garage,87,,,87,
Fontaine Research Park Central Energy Plant & Utilities,2021,full,exact-key,Academic Division,In Planning/Design,Fontaine Research Park Central Energy Plant & Utilities,35,,,35,
Fontaine Research Park Central Energy Plant & Utilities,2022,full,fuzzy,Academic Division,Not Yet Initiated,Fontaine Central Energy Plant & Utilities,55,,,40,15
Fontaine Research Park Central Energy Plant & Utilities,2023,full,exact-key,Academic Division,In Planning/Design,Fontaine Research Park Central Energy Plant & Utilities,70,,,62.5,7.5
Fontaine Research Park Central Energy Plant & Utilities,2024,full,exact-key,Academic Division,Under Construction,Fontaine Research Park Central Energy Plant & Utilities,70,,,62.5,7.5
Fontaine Research Park Central Energy Plant & Utilities,2025,full,exact-key,Academic Division,Under Construction,Fontaine Research Park Central Energy Plant & Utilities,70,,,62.5,7.5
Fontaine Research Park Central Energy Plant & Utilities,2026,full,exact-key,Academic Division,Under Construction,Fontaine Research Park Central Energy Plant & Utilities(includes Data Center utilitydistribution),70,,,62.5,7.5
Fontaine Research Park Roadway Infrastructure,2023,full,single-name,Academic Division,In Planning/Design,Fontaine Research Park Roadway Infrastructure,10,,,,10
Fontaine Research Park Roadway Infrastructure,2024,full,single-name,Academic Division,Under Construction,Fontaine Research Park Roadway Infrastructure,10,,,,10
Fontaine Research Park Roadway Infrastructure,2025,full,single-name,Academic Division,Under Construction,Fontaine Research Park Roadway Infrastructure,10,,,,10
Fontaine Research Park Roadway Infrastructure,2026,full,single-name,Academic Division,Under Construction,Fontaine Research Park Roadway Infrastructure,10,,,,10
Fontaine Research Parking Garage,2023,full,fuzzy,Academic Division,In Planning/Design,Fontaine Research Park Parking Garage,61,,,46.65,14.35
Fontaine Research Parking Garage,2024,full,fuzzy,Academic Division,Under Construction,Fontaine Research Park Parking Garage,61,,,46.65,14.35
Fontaine Research Parking Garage,2025,full,fuzzy,Academic Division,Under Construction,Fontaine Research Park Parking Garage,61,,,46.65,14.35
Fontaine Research Parking Garage,2026,full,fuzzy,Academic Division,Under Construction,Fontaine Research Parking Garage (project includes park-wide stormwater),61,,,46.65,14.35
Football Operations Center,2021,full,override-confirmed,Academic Division,In Planning/Design,Athletics Complex Phase III*(Football Operations Center),70,,70,,
Football Operations Center,2022,full,override-confirmed,Academic Division,In Planning/Design,Athletics Complex Phase III - Football Operations Center,80,,24.7,31,24.3
Football Operations Center,2023,full,single-name,Academic Division,Under Construction,Football Operations Center,80,,26.2,29.5,24.3
Gaston House & Ramazani House,2023,full,single-name,Academic Division,Under Construction,Gaston House & Ramazani House,114,,,63.02,50.98
Gilmer Hall and Chemistry Building Renovation,2021,full,single-name,Academic Division,Under Construction,Gilmer Hall and Chemistry Building Renovation,197.03,146.7,,42.53,7.8
Gilmer Hall and Chemistry Building Renovation,2022,full,single-name,Academic Division,Under Construction,Gilmer Hall and Chemistry Building Renovation,197.03,146.7,,42.53,7.8
Hereford Residential College HVAC Upgrade,2024,full,single-name,Academic Division,Under Construction,Hereford Residential College HVAC Upgrade,11.4,,,,11.4
Hereford Residential College HVAC Upgrade,2025,full,single-name,Academic Division,Under Construction,Hereford Residential College HVAC Upgrade,11.4,,,,11.4
Inn at Darden,2021,full,single-name,Academic Division,Under Construction,Inn at Darden,135,,30,91.5,13.5
Inn at Darden,2022,full,single-name,Academic Division,Under Construction,Inn at Darden,135,,30,91.5,13.5
Institute for Biotechnology,2022,full,single-name,Academic Division,Not Yet Initiated,Institute for Biotechnology,350,175,100,75,
Interdisciplinary Research Buildings - 2030 Strategic Plan,2021,planning,single-name,Academic Division,In Planning/Design,Interdisciplinary Research Buildings - 2030 Strategic Plan<br>(planning),1,,,,1
Ivy Corridor Landscape & Infrastructure Phase IIA,2022,full,single-name,Academic Division,Not Yet Initiated,Ivy Corridor Landscape & Infrastructure Phase IIA,11.8,,,,11.8
Ivy Corridor Landscape & Infrastructure Phase IIA,2023,full,single-name,Academic Division,Under Construction,Ivy Corridor Landscape & Infrastructure Phase IIA,11.8,,,,11.8
Ivy Corridor Landscape & Infrastructure Phase IIA,2024,full,single-name,Academic Division,Under Construction,Ivy Corridor Landscape & Infrastructure Phase IIA,11.8,,,,11.8
Ivy Corridor Landscape & Infrastructure Phase IIA,2025,full,single-name,Academic Division,Under Construction,Ivy Corridor Landscape & Infrastructure Phase IIA,11.8,,,,11.8
Ivy Corridor Landscape and Infrastructure Phase I,2021,full,exact-key,Academic Division,Under Construction,Ivy Corridor Landscape and Infrastructure Phase I,60,,,56,4
Ivy Corridor Landscape and Infrastructure Phase I,2022,full,exact-key,Academic Division,Under Construction,Ivy Corridor Landscape & Infrastructure Phase I,60,,,56,4
Ivy Corridor Landscape and Infrastructure Phase I,2023,full,exact-key,Academic Division,Under Construction,Ivy Corridor Landscape and Infrastructure Phase I,60,,,56,4
Ivy Corridor Student Housing,2025,full,single-name,Academic Division,Under Construction,Ivy Corridor Student Housing,160,,,160,
Ivy Corridor Student Housing,2026,full,single-name,Academic Division,Under Construction,Ivy Corridor Student Housing,175,,,160,15
Karsh Institute of Democracy,2021,full,exact-key,Academic Division,In Planning/Design,Karsh Institute of Democracy*,80,,80,,
Karsh Institute of Democracy,2022,full,exact-key,Academic Division,In Planning/Design,Karsh Institute of Democracy (includes Batten),80,,5,75,
Karsh Institute of Democracy,2023,full,exact-key,Academic Division,In Planning/Design,Karsh Institute of Democracy (includes Batten),80,,5,75,
Karsh Institute of Democracy,2024,full,exact-key,Academic Division,Under Construction,Karsh Institute of Democracy (includes Batten),82,,7,75,
Karsh Institute of Democracy,2025,full,exact-key,Academic Division,Under Construction,Karsh Institute of Democracy (includes Batten),82,,7,75,
Karsh Institute of Democracy,2026,full,exact-key,Academic Division,Under Construction,Karsh Institute of Democracy (includes Batten),82,,7,75,
Lambeth Field Apartments HVAC Improvements,2021,full,single-name,Academic Division,Under Construction,Lambeth Field Apartments HVAC Improvements,14.5,,,14.5,
Lambeth Field Apartments HVAC Improvements,2022,full,single-name,Academic Division,Under Construction,Lambeth Field Apartments HVAC Improvements,14.5,,,14.5,
Low Temperature Hot Water Conversion,2021,full,single-name,Academic Division,Under Construction,Low Temperature Hot Water Conversion,35,,,34.5,0.5
Low Temperature Hot Water Conversion,2022,full,single-name,Academic Division,Under Construction,Low Temperature Hot Water Conversion,35,,,34.5,0.5
Low Temperature Hot Water Conversion,2023,full,single-name,Academic Division,Under Construction,Low Temperature Hot Water Conversion,38.49,,,34.5,3.99
Low Temperature Hot Water Conversion,2024,full,single-name,Academic Division,Under Construction,Low Temperature Hot Water Conversion,38.49,,,34.5,3.99
Low Temperature Hot Water Conversion,2025,full,single-name,Academic Division,Under Construction,Low Temperature Hot Water Conversion,38.49,,,34.5,3.99
Mail Order & Specialty Pharmacy Expansion,2025,full,single-name,UVA Health System,In Planning/Design,Mail Order & Specialty Pharmacy Expansion,10.5,,,,10.5
Main Heat Plant Fuel Conversion,2025,full,single-name,Academic Division,In Planning/Design,Main Heat Plant Fuel Conversion,38,,,38,
Main Heat Plant Fuel Conversion,2026,full,single-name,Academic Division,In Planning/Design,Main Heat Plant Fuel Conversion,38,,,38,
Massie Road Utility Extension,2021,full,single-name,Academic Division,Under Construction,Massie Road Utility Extension,11,,,6,5
Massie Road Utility Extension,2022,full,single-name,Academic Division,Under Construction,Massie Road Utility Extension,11,,,6,5
Mem Gym Infrastructure & Accessibility Renewal,2022,full,single-name,Academic Division,Not Yet Initiated,Mem Gym Infrastructure & Accessibility Renewal,20.5,,,20.5,
Mem Gym Infrastructure & Accessibility Renewal,2023,full,single-name,Academic Division,In Planning/Design,Mem Gym Infrastructure & Accessibility Renewal,20.5,,,20.5,
Mem Gym Infrastructure & Accessibility Renewal,2024,full,single-name,Academic Division,Under Construction,Mem Gym Infrastructure & Accessibility Renewal,20.5,,,20.5,
Mem Gym Infrastructure & Accessibility Renewal,2025,full,single-name,Academic Division,Under Construction,Mem Gym Infrastructure & Accessibility Renewal,20.5,,,20.5,
Mem Gym Infrastructure & Accessibility Renewal,2026,full,single-name,Academic Division,Under Construction,Mem Gym Infrastructure & Accessibility Renewal,20.5,,,20.5,
Millmont Renovation: Transportation Administrative and Bus Service Facility,2025,full,single-name,Academic Division,In Planning/Design,Millmont Renovation: Transportation Administrative and Bus Service Facility,10,,,,10
Millmont Renovation: Transportation Administrative and Bus Service Facility,2026,full,single-name,Academic Division,In Planning/Design,Millmont Renovation: Transportation Administrative and Bus Service Facility,10,,,,10
Monroe Hall Addition HVAC Renewal,2022,full,single-name,Academic Division,Not Yet Initiated,Monroe Hall Addition HVAC Renewal,9,,,4.5,4.5
Monroe Hall Addition HVAC Renewal,2023,full,single-name,Academic Division,In Planning/Design,Monroe Hall Addition HVAC Renewal,9,,,4.5,4.5
Monroe Hall Addition HVAC Renewal,2024,full,single-name,Academic Division,In Planning/Design,Monroe Hall Addition HVAC Renewal,9,,,4.5,4.5
Monroe Hall Addition HVAC Renewal,2025,full,single-name,Academic Division,Under Construction,Monroe Hall Addition HVAC Renewal,9,,,4.5,4.5
Multi-Disciplinary Ambulatory Clinic Building,2021,full,single-name,UVA Health System,In Planning/Design,Multi-Disciplinary Ambulatory Clinic Building,155,,,77.5,77.5
Multi-Disciplinary Ambulatory Clinic Building,2022,full,single-name,UVA Health System,In Planning/Design,Multi-Disciplinary Ambulatory Clinic Building,155,,,77.5,77.5
Multi-Disciplinary Ambulatory Clinic Building,2023,full,single-name,UVA Health System,In Planning/Design,Multi-Disciplinary Ambulatory Clinic Building,155,,,77.5,77.5
Multi-Disciplinary Ambulatory Clinic Building,2024,full,single-name,UVA Health System,Not Yet Initiated,Multi-Disciplinary Ambulatory Clinic Building,155,,,77.5,77.5
Multi-Disciplinary Ambulatory Clinic Building,2025,full,single-name,UVA Health System,Not Yet Initiated,Multi-Disciplinary Ambulatory Clinic Building,155,,,77.5,77.5
Multi-Disciplinary Ambulatory Clinic Building,2026,full,single-name,UVA Health System,Pending Future Funding,Multi-Disciplinary Ambulatory Clinic Building,155,,,77.5,77.5
Music Education Center,2021,full,single-name,College at Wise,In Planning/Design,Music Education Center,45.2,22.6,22.6,,
Music Education Center,2022,full,single-name,College at Wise,Not Yet Initiated,Music Education Center,45.2,22.6,22.6,,
Music Education Center,2023,full,single-name,College at Wise,In Planning/Design,Music Education Center,45.2,22.6,22.6,,
Music Education Center,2024,full,single-name,College at Wise,Not Yet Initiated,Music Education Center,45.2,22.6,22.6,,
North Grounds Parking Garage,2022,full,override-probable,Academic Division,Not Yet Initiated,Parking Garage,54,,,46.8,7.2
North Grounds Parking Garage,2023,full,single-name,Academic Division,In Planning/Design,North Grounds Parking Garage,50,,,42.8,7.2
North Grounds Parking Garage,2024,full,single-name,Academic Division,In Planning/Design,North Grounds Parking Garage,50,,,19.7,30.3
North Grounds Parking Garage,2025,full,single-name,Academic Division,Under Construction,North Grounds Parking Garage,50,,,19.7,30.3
North Grounds Parking Garage,2026,full,single-name,Academic Division,Under Construction,North Grounds Parking Garage,50,,,19.7,30.3
OMERF MEP System Renewal & ADA Improvements,2024,planning,single-name,Academic Division,Not Yet Initiated,OMERF MEP System Renewal & ADA Improvements(planning/design),1.5,,,,1.5
Old Cabell Hall Renewal,2021,full,single-name,Academic Division,In Planning/Design,Old Cabell Hall Renewal,60,60,,,
Old Cabell Hall Renewal,2022,full,single-name,Academic Division,Not Yet Initiated,Old Cabell Hall Renewal,60,60,,,
Old Cabell Hall Renewal,2023,full,single-name,Academic Division,In Planning/Design,Old Cabell Hall Renewal,60,60,,,
Olympic Sports Center,2022,full,override-confirmed,Academic Division,In Planning/Design,Athletics Complex Phase IV-Olympic Sports Center,65,,35,,30
Olympic Sports Center,2023,full,single-name,Academic Division,Under Construction,Olympic Sports Center,75,,,75,
Olympic Sports Center,2024,full,single-name,Academic Division,Under Construction,Olympic Sports Center,75.8,,,75.8,
Olympic Sports Center,2025,full,single-name,Academic Division,Under Construction,Olympic Sports Center,75.8,,,75.8,
Paul and Diane Manning Institute of Biotechnology,2023,full,single-name,Academic Division,In Planning/Design,Institute of Biotechnology,350,,100,250,
Paul and Diane Manning Institute of Biotechnology,2024,full,override-confirmed,Academic Division,Under Construction,Paul and Diane Manning Institute of Biotechnology,350,,100,250,
Paul and Diane Manning Institute of Biotechnology,2025,full,override-confirmed,Academic Division,Under Construction,Paul and Diane Manning Institute of Biotechnology,350,,100,250,
Paul and Diane Manning Institute of Biotechnology,2026,full,override-confirmed,Academic Division,Under Construction,Paul and Diane Manning Institute of Biotechnology,380.6,,100,250,30.6
Physics Building Classrooms,2022,full,single-name,Academic Division,Not Yet Initiated,Physics Building Classrooms,7,,,,7
Physics Building Classrooms,2023,full,single-name,Academic Division,Under Construction,Physics Building Classrooms,7,1,,,6
Physics Building Renewal,2021,full,single-name,Academic Division,In Planning/Design,Physics Building Renewal,58.2,58.2,,,
Physics Building Renewal,2022,full,single-name,Academic Division,In Planning/Design,Physics Building Renewal,62.8,60.42,,,2.38
Physics Building Renewal,2023,full,single-name,Academic Division,Under Construction,Physics Building Renewal,62.51,60.42,,,2.09
Pinn Hall 2nd-Floor Renovation,2024,full,single-name,Academic Division,Not Yet Initiated,Pinn Hall 2nd-Floor Renovation,7,,,,7
Pinn Hall Integrated Spatial Biology Core Consortium,2022,full,single-name,Academic Division,Not Yet Initiated,Pinn Hall Integrated Spatial Biology Core Consortium,8.5,,8,,0.5
Pinn Hall Integrated Spatial Biology Core Consortium,2023,full,single-name,Academic Division,In Planning/Design,Pinn Hall Integrated Spatial Biology Core Consortium,8.5,,8,,0.5
Pinn Hall Renovation Phase II,2021,full,single-name,Academic Division,In Planning/Design,Pinn Hall Renovation Phase II,38,,,38,
Pinn Hall Renovation Phase II,2022,full,single-name,Academic Division,Not Yet Initiated,Pinn Hall Renovation Phase II,38,,,38,
Public Safety Building Renovation,2023,planning,override-probable,Academic Division,In Planning/Design,Public Safety Building (planning/design),1.5,,,,1.5
Public Safety Building Renovation,2024,full,single-name,Academic Division,Under Construction,Public Safety Building Renovation,10,,,,10
Public Safety Building Renovation,2025,full,single-name,Academic Division,Under Construction,Public Safety Building Renovation,10,,,,10
Replacement of the Chemistry Addition Chillers,2023,full,single-name,Academic Division,In Planning/Design,Replacement of the Chemistry Addition Chillers,10,,,10,
Replacement of the Chemistry Addition Chillers,2024,full,single-name,Academic Division,In Planning/Design,Replacement of the Chemistry Addition Chillers,12,,,12,
Replacement of the Chemistry Addition Chillers,2025,full,single-name,Academic Division,In Planning/Design,Replacement of the Chemistry Addition Chillers,12,,,12,
Replacement of the Chemistry Addition Chillers,2026,full,single-name,Academic Division,Under Construction,Replacement of the Chemistry Addition Chillers,12,,,12,
Replacement of the Video Scoreboard at Scott Stadium,2023,full,single-name,Academic Division,In Planning/Design,Replacement of the Video Scoreboard at Scott Stadium,13.4,,5.4,,8
Research Data Center,2023,planning,override-probable,Academic Division,In Planning/Design,Research Computing Data Center(planning/design),3,,,,3
Research Data Center,2024,planning,override-probable,Academic Division,In Planning/Design,Research Computing Data Center(planning/design),3,,,,3
Research Data Center,2025,full,single-name,Academic Division,In Planning/Design,Research Data Center,72,,,37,35
Sandridge Science Center Lab Wing Renovation,2021,full,single-name,College at Wise,In Planning/Design,Sandridge Science Center Lab Wing Renovation,39.1,39.1,,,
Sandridge Science Center Lab Wing Renovation,2022,full,single-name,College at Wise,Not Yet Initiated,Sandridge Science Center Lab Wing Renovation,39.1,39.1,,,
Sandridge Science Center Lab Wing Renovation,2023,full,single-name,College at Wise,In Planning/Design,Sandridge Science Center Lab Wing Renovation,39.1,39.1,,,
Sandridge Science Center Lab Wing Renovation,2024,full,single-name,College at Wise,Not Yet Initiated,Sandridge Science Center Lab Wing Renovation,39.1,39.1,,,
Sandridge Science Center Lab Wing Renovation,2025,full,single-name,College at Wise,Not Yet Initiated,Sandridge Science Center Lab Wing Renovation,40.5,40.5,,,
Sandridge Science Center Lab Wing Renovation,2026,full,single-name,College at Wise,Pending Future Funding,Sandridge Science Center Lab Wing Renovation,40.5,40.5,,,
Satellite Clinical Lab at Town Center IV,2025,full,single-name,UVA Health System,In Planning/Design,Satellite Clinical Lab at Town Center IV,35,,,,35
Satellite Clinical Lab at Town Center IV,2026,full,single-name,UVA Health System,In Planning/Design,Satellite Clinical Lab at Town Center IV,35,,,,35
School of Architecture Center for Design,2022,planning,exact-key,Academic Division,Not Yet Initiated,School of Architecture Center for Design<br>(planning/design),4,,4,,
School of Architecture Center for Design,2023,planning,exact-key,Academic Division,In Planning/Design,School of Architecture Center for Design(planning/design),4,,4,,
School of Architecture Center for Design,2024,planning,exact-key,Academic Division,Not Yet Initiated,School of Architecture Center for Design(planning/design),4,,4,,
School of Architecture Center for Design,2025,planning,exact-key,Academic Division,Not Yet Initiated,School of Architecture Center for Design(planning/design),4,,4,,
School of Architecture Center for Design,2026,planning,exact-key,Academic Division,Pending Future Funding,School of Architecture Center for Design(planning/design),4,,4,,
School of Data Science,2021,full,single-name,Academic Division,Under Construction,School of Data Science,53.5,,5.5,48,
School of Data Science,2022,full,single-name,Academic Division,Under Construction,School of Data Science,53.5,,5.5,48,
School of Data Science,2023,full,single-name,Academic Division,Under Construction,School of Data Science,53.5,,5.5,48,
School of Data Science and Entrepreneurship Building,2025,full,single-name,Academic Division,In Planning/Design,School of Data Science and Entrepreneurship Building,77,,20,42,15
School of Data Science and Entrepreneurship Building,2026,full,single-name,Academic Division,In Planning/Design,School of Data Science and Entrepreneurship Building,77,,20,42,15
Second-year Housing Initiative,2023,planning,exact-key,Academic Division,In Planning/Design,Second-year Housing Initiative(planning/design),7,,,7,
Second-year Housing Initiative,2024,planning,exact-key,Academic Division,In Planning/Design,Second-year Housing Initiative (planning/design),7,,,7,
Shumway Hall (McIntire),2021,full,override-confirmed,Academic Division,In Planning/Design,Mc Intire Academic Facility (Shumway Hall),101,,7.5,93.5,
Shumway Hall (McIntire),2022,full,override-confirmed,Academic Division,In Planning/Design,Mc Intire Academic Facility (Shumway Hall),132.7,,17.5,115.2,
Shumway Hall (McIntire),2023,full,exact-key,Academic Division,Under Construction,Shumway Hall(Mc Intire),139.7,,25,89.7,25
Shumway Hall (McIntire),2024,full,exact-key,Academic Division,Under Construction,Shumway Hall (Mc Intire),139.7,,25,89.7,25
Smith Hall Renovation (Darden),2021,full,exact-key,Academic Division,Under Construction,Smith Hall Renovation(Darden),14,,7.2,6.8,
Smith Hall Renovation (Darden),2022,full,exact-key,Academic Division,Under Construction,Smith Hall Renovation (Darden),14,,7.2,6.8,
Steele Wing Renovation (School of Medicine),2026,full,single-name,Academic Division,In Planning/Design,Steele Wing Renovation(School of Medicine),30,,,,30
Student Activities Building,2021,full,single-name,Academic Division,In Planning/Design,Student Activities Building,17,,,17,
Student Activities Building,2022,full,single-name,Academic Division,Not Yet Initiated,Student Activities Building,17,,,17,
Tech Talent Investment Program Phase I,2021,full,single-name,Academic Division,In Planning/Design,Tech Talent Investment Program Phase I,3,3,,,
Tech Talent Investment Program Phase I,2022,full,single-name,Academic Division,In Planning/Design,Tech Talent Investment Program Phase I,3,3,,,
Technology Classroom Building,2021,full,single-name,College at Wise,In Planning/Design,Technology Classroom Building,44.4,44.4,,,
Technology Classroom Building,2022,full,single-name,College at Wise,Not Yet Initiated,Technology Classroom Building,52,52,,,
Technology Classroom Building,2023,full,single-name,College at Wise,In Planning/Design,Technology Classroom Building,52,52,,,
Technology Classroom Building,2024,full,single-name,College at Wise,Not Yet Initiated,Technology Classroom Building,66,66,,,
Technology Classroom Building,2025,full,single-name,College at Wise,Not Yet Initiated,Technology Classroom Building,68.7,68.7,,,
Technology Classroom Building,2026,full,single-name,College at Wise,Pending Future Funding,Technology Classroom Building,78.4,78.4,,,
The Park Renovation (UVA Recreation),2024,planning,override-probable,Academic Division,Not Yet Initiated,The Park Complex Improvements(planning/design),1.5,,,,1.5
The Park Renovation (UVA Recreation),2025,full,single-name,Academic Division,In Planning/Design,The Park Renovation(UVA Recreation),8,,,8,
The Park Renovation (UVA Recreation),2026,full,single-name,Academic Division,Under Construction,The Park Renovation(UVA Recreation),10,,,8,2
UVA Community Health Gainesville Cancer Center Expansion,2025,full,single-name,UVA Health System,In Planning/Design,UVA Community Health Gainesville Cancer Center Expansion,12,,,,12
UVA Community Health Gainesville Cancer Center Expansion,2026,full,single-name,UVA Health System,Under Construction,UVA Community Health Gainesville Cancer Center Expansion,12,,,,12
UVA Community Health Gainesville Imaging Center Renovation,2025,full,single-name,UVA Health System,In Planning/Design,UVA Community Health Gainesville Imaging Center Renovation,10.4,,,,10.4
UVA Copeley Childcare Center Expansion,2024,planning,single-name,Academic Division,Not Yet Initiated,UVA Copeley Childcare Center Expansion(planning/design),1.5,,,,1.5
UVA Copeley Childcare Center Expansion,2025,planning,single-name,Academic Division,Not Yet Initiated,UVA Copeley Childcare Center Expansion(planning/design),1.5,,,,1.5
UVA Copeley Childcare Center Expansion,2026,planning,single-name,Academic Division,Pending Future Funding,UVA Copeley Childcare Center Expansion(planning/design),1.5,,,,1.5
UVA Encompass Rehabilitation Hospital Renovation & Expansion,2021,full,exact-key,UVA Health System,In Planning/Design,UVA Encompass Rehabilitation Hospital Renovation and<br>Expansion,35,,,,35
UVA Encompass Rehabilitation Hospital Renovation & Expansion,2022,full,fuzzy,UVA Health System,In Planning/Design,UVA Encompass Rehab Hospital Renovation/Expansion,35,,,,35
UVA Encompass Rehabilitation Hospital Renovation & Expansion,2023,full,exact-key,UVA Health System,In Planning/Design,UVA Encompass Rehabilitation Hospital Renovation & Expansion,45,,,,45
UVA Encompass Rehabilitation Hospital Renovation & Expansion,2024,full,exact-key,UVA Health System,In Planning/Design,UVA Encompass Rehabilitation Hospital Renovation & Expansion,45,,,,45
UVA Encompass Rehabilitation Hospital Renovation & Expansion,2025,full,exact-key,UVA Health System,Under Construction,UVA Encompass Rehabilitation Hospital Renovation & Expansion,45,,,,45
UVA Encompass Rehabilitation Hospital Renovation & Expansion,2026,full,exact-key,UVA Health System,Under Construction,UVA Encompass Rehabilitation Hospital Renovation & Expansion,45,,,,45
UVA Hospital Project,2023,full,single-name,UVA Health System,In Planning/Design,UVA Hospital Project,132,,,,132
UVA Museum,2021,planning,exact-key,Academic Division,In Planning/Design,UVA Museum(planning),3,,3,,
UVA Museum,2022,planning,exact-key,Academic Division,Not Yet Initiated,UVA Museum (planning),3,,3,,
UVA Museum,2023,planning,exact-key,Academic Division,In Planning/Design,UVA Museum(planning/design),3,,3,,
UVA NOVA Fairfax (tenant fit out),2023,full,exact-key,Academic Division,In Planning/Design,UVA NOVA Fairfax(tenant fit out),20.6,,,,20.6
UVA NOVA Fairfax (tenant fit out),2024,full,exact-key,Academic Division,Under Construction,<br>UVA NOVA Fairfax (tenant fit out),20.6,,,,20.6
University Hospital Image Guided Surgery Suite,2026,full,single-name,UVA Health System,In Planning/Design,University Hospital Image Guided Surgery Suite,9,,,,9
University Hospital South Tower Fit-Out,2024,full,fuzzy,UVA Health System,In Planning/Design,UVA Hospital South Tower Fit-Out,120,,,,120
University Hospital South Tower Fit-Out,2025,full,fuzzy,UVA Health System,In Planning/Design,UVA Hospital South Tower Fit-Out,120,,,,120
University Hospital South Tower Fit-Out,2026,full,fuzzy,UVA Health System,Under Construction,University Hospital South Tower Fit-Out,120,,,,120
Virginia Guesthouse (UVA Hotel & Conference Center),2021,full,override-confirmed,Academic Division,In Planning/Design,UVA Hotel & Conference Center,133.5,,3,110.5,20
Virginia Guesthouse (UVA Hotel & Conference Center),2022,full,override-confirmed,Academic Division,In Planning/Design,UVA Hotel & Conference Center,167.9,,3,144.9,20
Virginia Guesthouse (UVA Hotel & Conference Center),2023,full,exact-key,Academic Division,Under Construction,Virginia Guesthouse(UVA Hotel & Conference Center),167.9,,3,144.9,20
Virginia Guesthouse (UVA Hotel & Conference Center),2024,full,exact-key,Academic Division,Under Construction,Virginia Guesthouse (UVA Hotel & Conference Center),167.9,,3,144.9,20
Virginia Guesthouse (UVA Hotel & Conference Center),2025,full,exact-key,Academic Division,Under Construction,Virginia Guesthouse(UVA Hotel & Conference Center),167.9,,3,144.9,20
West Grounds Chilled Water Capacity,2021,full,single-name,Academic Division,Under Construction,West Grounds Chilled Water Capacity,8,,,8,
West Grounds Chilled Water Capacity,2022,full,single-name,Academic Division,Under Construction,West Grounds Chilled Water Capacity,8,,,8,
Wyllie Library Renovation and Conversion,2021,full,single-name,College at Wise,In Planning/Design,Wyllie Library Renovation and Conversion,13.55,13.55,,,
Wyllie Library Renovation and Conversion,2022,full,single-name,College at Wise,In Planning/Design,Wyllie Library Renovation and Conversion,16.6,16.6,,,
Wyllie Library Renovation and Conversion,2023,full,single-name,College at Wise,Under Construction,Wyllie Library Renovation and Conversion,16.6,16.6,,,
Zehmer Hall Renovation,2021,full,single-name,College at Wise,In Planning/Design,Zehmer Hall Renovation,23.1,23.1,,,
Zehmer Hall Renovation,2022,full,single-name,College at Wise,Not Yet Initiated,Zehmer Hall Renovation,23.1,23.1,,,
Zehmer Hall Renovation,2023,full,single-name,College at Wise,In Planning/Design,Zehmer Hall Renovation,23.1,23.1,,,
Zehmer Hall Renovation,2024,full,single-name,College at Wise,Not Yet Initiated,<br>Zehmer Hall Renovation,23.1,23.1,,,
Zehmer Hall Renovation,2025,full,single-name,College at Wise,Not Yet Initiated,Zehmer Hall Renovation,27.3,27.3,,,
Zehmer Hall Renovation,2026,full,single-name,College at Wise,Pending Future Funding,Zehmer Hall Renovation,27.3,27.3,,,
Zion Crossroads Shell Space Clinic Build Out,2023,full,single-name,UVA Health System,In Planning/Design,Zion Crossroads Shell Space Clinic Build Out,7.4,,,,7.4
Zion Crossroads Shell Space Clinic Build Out,2024,full,single-name,UVA Health System,Under Construction,Zion Crossroads Shell Space Clinic Build Out,7.4,,,,7.4
Zion Crossroads Shell Space Clinic Build Out,2025,full,single-name,UVA Health System,Under Construction,Zion Crossroads Shell Space Clinic Build Out,7.4,,,,7.4
